-- phpMyAdmin SQL Dump
-- version 5.2.0
-- https://www.phpmyadmin.net/
--
-- Servidor: 127.0.0.1
-- Tiempo de generación: 25-11-2022 a las 04:52:22
-- Versión del servidor: 10.4.25-MariaDB
-- Versión de PHP: 8.1.10

SET SQL_MODE = "NO_AUTO_VALUE_ON_ZERO";
START TRANSACTION;
SET time_zone = "+00:00";


/*!40101 SET @OLD_CHARACTER_SET_CLIENT=@@CHARACTER_SET_CLIENT */;
/*!40101 SET @OLD_CHARACTER_SET_RESULTS=@@CHARACTER_SET_RESULTS */;
/*!40101 SET @OLD_COLLATION_CONNECTION=@@COLLATION_CONNECTION */;
/*!40101 SET NAMES utf8mb4 */;

--
-- Base de datos: `bdcarritocompras`
--

-- --------------------------------------------------------

--
-- Estructura de tabla para la tabla `compra`
--

CREATE TABLE `compra` (
  `idcompra` bigint(20) NOT NULL,
  `fecha` timestamp NOT NULL DEFAULT current_timestamp() ON UPDATE current_timestamp(),
  `idusuario` bigint(20) NOT NULL
) ENGINE=InnoDB DEFAULT CHARSET=latin1;

--
-- Volcado de datos para la tabla `compra`
--

INSERT INTO `compra` (`idcompra`, `fecha`, `idusuario`) VALUES
(87, '2022-11-25 07:46:19', 1),
(88, '2022-11-25 07:46:58', 1);

-- --------------------------------------------------------

--
-- Estructura de tabla para la tabla `compraestado`
--

CREATE TABLE `compraestado` (
  `idcompraestado` bigint(20) UNSIGNED NOT NULL,
  `idcompra` bigint(11) NOT NULL,
  `idcompraestadotipo` int(11) NOT NULL,
  `fechaini` timestamp NOT NULL DEFAULT current_timestamp(),
  `fechafin` timestamp NULL DEFAULT NULL
) ENGINE=InnoDB DEFAULT CHARSET=latin1;

--
-- Volcado de datos para la tabla `compraestado`
--

INSERT INTO `compraestado` (`idcompraestado`, `idcompra`, `idcompraestadotipo`, `fechaini`, `fechafin`) VALUES
(145, 87, 1, '2022-11-25 07:46:19', '2022-11-25 07:46:57'),
(146, 87, 2, '2022-11-25 07:46:57', '2022-11-25 07:47:18'),
(147, 88, 1, '2022-11-25 07:46:58', '0000-00-00 00:00:00'),
(148, 87, 3, '2022-11-25 07:47:18', '2022-11-25 07:47:23'),
(149, 87, 4, '2022-11-25 07:47:23', '0000-00-00 00:00:00');

-- --------------------------------------------------------

--
-- Estructura de tabla para la tabla `compraestadotipo`
--

CREATE TABLE `compraestadotipo` (
  `idcompraestadotipo` int(11) NOT NULL,
  `descripcion` varchar(50) NOT NULL,
  `detalle` varchar(256) NOT NULL
) ENGINE=InnoDB DEFAULT CHARSET=latin1;

--
-- Volcado de datos para la tabla `compraestadotipo`
--

INSERT INTO `compraestadotipo` (`idcompraestadotipo`, `descripcion`, `detalle`) VALUES
(1, 'iniciada', 'cuando el usuario : cliente inicia la compra de uno o mas productos del carrito'),
(2, 'pre-ordenada', 'cuando el usuario cliente finaliza su compra'),
(3, 'aceptada', 'cuando el usuario administrador da ingreso a uno de las compras en estado = 1 '),
(4, 'enviada', 'cuando el usuario administrador envia a uno de las compras en estado =2 '),
(5, 'cancelada', 'un usuario administrador podra cancelar una compra en cualquier estado y un usuario cliente solo en estado=1 ');

-- --------------------------------------------------------

--
-- Estructura de tabla para la tabla `compraitem`
--

CREATE TABLE `compraitem` (
  `idcompraitem` bigint(20) UNSIGNED NOT NULL,
  `idproducto` bigint(20) NOT NULL,
  `idcompra` bigint(20) NOT NULL,
  `cantidad` int(11) NOT NULL
) ENGINE=InnoDB DEFAULT CHARSET=latin1;

--
-- Volcado de datos para la tabla `compraitem`
--

INSERT INTO `compraitem` (`idcompraitem`, `idproducto`, `idcompra`, `cantidad`) VALUES
(85, 1947, 87, 2);

-- --------------------------------------------------------

--
-- Estructura de tabla para la tabla `menu`
--

CREATE TABLE `menu` (
  `idmenu` bigint(20) NOT NULL,
  `nombre` varchar(50) NOT NULL COMMENT 'Nombre del item del menu',
  `descripcion` varchar(124) NOT NULL COMMENT 'Descripcion mas detallada del item del menu',
  `idpadre` bigint(20) DEFAULT NULL COMMENT 'Referencia al id del menu que es subitem',
  `deshabilitado` timestamp NULL DEFAULT NULL COMMENT 'Fecha en la que el menu fue deshabilitado por ultima vez'
) ENGINE=InnoDB DEFAULT CHARSET=latin1;

--
-- Volcado de datos para la tabla `menu`
--

INSERT INTO `menu` (`idmenu`, `nombre`, `descripcion`, `idpadre`, `deshabilitado`) VALUES
(1, 'Formularios', 'Encabezado Formulario', NULL, '0000-00-00 00:00:00'),
(29, 'Opciones', 'Encabezado Opciones', NULL, '0000-00-00 00:00:00'),
(30, 'Menu', '../menu_eui/index.php', 1, '0000-00-00 00:00:00'),
(31, 'Menu Rol', '../menu_rol_eui/index.php', 1, '0000-00-00 00:00:00'),
(32, 'Rol', '../rol_eui/index.php', 1, '0000-00-00 00:00:00'),
(33, 'Usuario', '../usuario_eui/index.php', 1, '0000-00-00 00:00:00'),
(34, 'Usaurio Rol', '../usuario_rol_eui/index.php', 1, '0000-00-00 00:00:00'),
(35, 'Productos', '../producto_eui/index.php', 1, '0000-00-00 00:00:00'),
(36, 'Compra Estados', '../compra_estados_eui/index.php', 1, '0000-00-00 00:00:00'),
(37, 'Compras Realizadas', '../compra_detalle_eui/index.php', 1, '0000-00-00 00:00:00'),
(38, 'Tipo de Estados', '../tipos_estado_eui/index.php', 29, '0000-00-00 00:00:00'),
(39, 'Tus Compras', '../compra_usuario_detalle_eui/index.php', 1, '0000-00-00 00:00:00'),
(40, 'Carro', '../carro_eui/index.php', 29, '0000-00-00 00:00:00');

-- --------------------------------------------------------

--
-- Estructura de tabla para la tabla `menurol`
--

CREATE TABLE `menurol` (
  `idmenu` bigint(20) NOT NULL,
  `idrol` bigint(20) NOT NULL
) ENGINE=InnoDB DEFAULT CHARSET=latin1;

--
-- Volcado de datos para la tabla `menurol`
--

INSERT INTO `menurol` (`idmenu`, `idrol`) VALUES
(1, 3),
(1, 4),
(1, 5),
(29, 3),
(29, 4),
(29, 5),
(30, 3),
(31, 3),
(32, 3),
(33, 3),
(34, 3),
(35, 3),
(35, 5),
(36, 3),
(36, 5),
(37, 3),
(37, 4),
(37, 5),
(38, 3),
(39, 4),
(40, 3),
(40, 4),
(40, 5);

-- --------------------------------------------------------

--
-- Estructura de tabla para la tabla `producto`
--

CREATE TABLE `producto` (
  `idproducto` bigint(20) NOT NULL,
  `nombre` varchar(50) NOT NULL,
  `detalle` varchar(512) NOT NULL,
  `cantstock` int(11) NOT NULL,
  `artista` varchar(150) NOT NULL,
  `album` varchar(512) NOT NULL,
  `foto` longblob NOT NULL
) ENGINE=InnoDB DEFAULT CHARSET=latin1;

--
-- Volcado de datos para la tabla `producto`
--

INSERT INTO `producto` (`idproducto`, `nombre`, `detalle`, `cantstock`, `artista`, `album`, `foto`) VALUES
(1738, '', '', 2, 'Sandra', '(Life May Be) A Big Insanity (CDS EU 663 272-211)', 0x463a2f3830733930732053796e746820506f702f53616e6472612f666c61635f313939302053616e647261202d20284c696665204d61792042652920412042696720496e73616e697479202843445320455520363633203237322d323131292f636f7665722f66726f6e742e6a7067),
(1739, '', '', 2, 'A-ha', '45 RPM Club (CDS Mini EP Japan 15P2-2668)', 0x463a2f3830733930732053796e746820506f702f412d68612f666c61635f3139383520412d6861202d2034352052504d20436c75622028434453204d696e69204550204a6170616e20313550322d32363638292f636f7665722f66726f6e742e6a7067),
(1740, '', '', 2, 'New Order', '60 Miles An Hour (CDS UK NUOCD9)', 0x463a2f3830733930732053796e746820506f702f4e6577204f726465722f666c61635f32303031204e6577204f72646572202d203630204d696c657320416e20486f7572202843445320554b204e554f434439292f636f7665722f66726f6e742e6a7067),
(1741, '', '', 2, 'New Order', '1963 (Nineteen63) (CDS UK NUO CD6)', 0x463a2f3830733930732053796e746820506f702f4e6577204f726465722f666c61635f31393935204e6577204f72646572202d203139363320284e696e657465656e363329202843445320554b204e554f20434436292f636f7665722f66726f6e742e6a7067),
(1742, '', '', 2, 'Depeche Mode', 'A Question Of Lust (12 US Promo PRO-A-2504)', 0x463a2f3830733930732053796e746820506f702f44657065636865204d6f64652f666c61635f313938362044657065636865204d6f6465202d2041205175657374696f6e204f66204c757374202831322055532050726f6d6f2050524f2d412d32353034292f636f7665722f66726f6e742e6a7067),
(1743, '', '', 2, 'Inner City', 'Ain\'t Nobody Better (CDS UK TENCD 252)', 0x463a2f3830733930732053796e746820506f702f496e6e657220436974792f666c61635f3139383920496e6e65722043697479202d2041696e2774204e6f626f647920426574746572202843445320554b2054454e434420323532292f636f7665722f66726f6e742e6a7067),
(1744, '', '', 2, 'Thelma Houston', 'All Of That (2x12 UK AZULI 57)', 0x463a2f3830733930732053796e746820506f702f5468656c6d6120486f7573746f6e2f666c61635f31393936205468656c6d6120486f7573746f6e202d20416c6c204f66205468617420283278313220554b20415a554c49203537292f636f7665722f66726f6e742e6a7067),
(1745, '', '', 2, 'Thelma Houston', 'All Of That (Original Mixes) (12 UK AZULI 53)', 0x463a2f3830733930732053796e746820506f702f5468656c6d6120486f7573746f6e2f666c61635f31393936205468656c6d6120486f7573746f6e202d20416c6c204f6620546861742028313220554b20415a554c49203533292f636f7665722f66726f6e742e6a7067),
(1746, '', '', 2, 'Ace Of Base', 'All That She Wants (CDS US 07822-12617-2)', 0x463a2f3830733930732053796e746820506f702f416365204f6620426173652f666c61635f3139393320416365204f662042617365202d20416c6c2054686174205368652057616e747320284344532055532030373832322d31323631372d32292f636f7665722f66726f6e742e6a7067),
(1747, '', '', 2, 'Cyndi Lauper', 'All Through The Night (7 US 37-04639)', 0x463a2f3830733930732053796e746820506f702f43796e6469204c61757065722f666c61635f313938342043796e6469204c6175706572c2a02dc2a0416c6c205468726f75676820546865204e696768742028372055532033372d3034363339292f636f7665722f66726f6e742e6a7067),
(1748, '', '', 2, 'Pet Shop Boys', 'Always On My Mind (CDS UK CDR 6171)', 0x463a2f3830733930732053796e746820506f702f5065742053686f7020426f79732f666c61635f31393837205065742053686f7020426f7973202d20416c77617973204f6e204d79204d696e64202843445320554b204344522036313731292f636f7665722f66726f6e742e6a7067),
(1749, '', '', 2, 'Pet Shop Boys', 'Always On My Mind (CDS UK CDRDJ 6171)', 0x463a2f3830733930732053796e746820506f702f5065742053686f7020426f79732f666c61635f31393837205065742053686f7020426f7973202d20416c77617973204f6e204d79204d696e64202843445320554b20434452444a2036313731292f636f7665722f66726f6e742e6a7067),
(1750, '', '', 2, 'Jaidie', 'Answer Me Cry (12 US CR239)', 0x463a2f3830733930732053796e746820506f702f4a61696469652f666c61635f31393930204a6169646965202d20416e73776572204d792043727920283132205553204352323339292f636f7665722f66726f6e742e6a7067),
(1751, '', '', 2, 'Young Disciples', 'Apparently Nothin\' (5xFile EU Promo none)', 0x463a2f3830733930732053796e746820506f702f596f756e67204469736369706c65732f666c61635f3139393220596f756e67204469736369706c6573202d204170706172656e746c79204e6f7468696e272028357846696c652045552050726f6d6f206e6f6e65292f636f7665722f66726f6e742e6a7067),
(1752, '', '', 2, 'Young Disciples', 'Apparently Nothin\' (CDS EU 868 771-2)', 0x463a2f3830733930732053796e746820506f702f596f756e67204469736369706c65732f666c61635f3139393220596f756e67204469736369706c6573202d204170706172656e746c79204e6f7468696e27202843445320455520383638203737312d32292f636f7665722f66726f6e742e6a7067),
(1753, '', '', 2, 'Sandra', 'Around My Heart (CDS Germany 622 208)', 0x463a2f3830733930732053796e746820506f702f53616e6472612f666c61635f313938392053616e647261202d2041726f756e64204d792048656172742028434453204765726d616e792036323220323038292f636f7665722f66726f6e742e6a7067),
(1754, '', '', 2, 'Depeche Mode', 'Behind The Wheel (12 US Promo PRO-A-2952)', 0x463a2f3830733930732053796e746820506f702f44657065636865204d6f64652f666c61635f313938372044657065636865204d6f6465202d20426568696e642054686520576865656c202831322055532050726f6d6f2050524f2d412d32393532292f636f7665722f66726f6e742e6a7067),
(1755, '', '', 2, 'Pet Shop Boys', 'Being Boring (CDS UK CDR 6275)', 0x463a2f3830733930732053796e746820506f702f5065742053686f7020426f79732f666c61635f31393930205065742053686f7020426f7973202d204265696e6720426f72696e67202843445320554b204344522036323735292f636f7665722f66726f6e742e6a7067),
(1756, '', '', 2, 'Pet Shop Boys', 'Being Remixed (CDS Germany 560-20 4126 2)', 0x463a2f3830733930732053796e746820506f702f5065742053686f7020426f79732f666c61635f31393930205065742053686f7020426f7973202d204265696e672052656d697865642028434453204765726d616e79203536302d323020343132362032292f636f7665722f66726f6e742e6a7067),
(1757, '', '', 2, 'Innercity ft Kevin Saunderson', 'Big Fun (CDS EU 661749)', 0x463a2f3830733930732053796e746820506f702f496e6e657220436974792f666c61635f3139383820496e6e65722043697479202d204269672046756e202843445320455520363631373439292f636f7665722f66726f6e742e6a7067),
(1758, '', '', 2, 'Alphaville', 'Big in Japan (CDS EU 9031-76453-2)', 0x463a2f3830733930732053796e746820506f702f416c70686176696c6c652f666c61635f3139393220416c70686176696c6c65202d2042696720496e204a6170616e202843445320455520393033312d37363435332d32292f636f7665722f66726f6e742e6a7067),
(1759, '', '', 2, 'Alphaville', 'Big In Japan (CDS EU 9031-77380-2)', 0x463a2f3830733930732053796e746820506f702f416c70686176696c6c652f666c61635f3139393220416c70686176696c6c65202d2042696720496e204a6170616e202843445320455520393033312d37373338302d32292f636f7665722f66726f6e742e6a7067),
(1760, '', '', 2, 'New Order', 'Bizarre Love Triangle (12 US 0-20546)', 0x463a2f3830733930732053796e746820506f702f4e6577204f726465722f666c61635f31393836204e6577204f72646572202d2042697a61727265204c6f766520547269616e676c652028313220555320302d3230353436292f636f7665722f66726f6e742e6a7067),
(1761, '', '', 2, 'New Order', 'Bizarre Love Triangle (CDS US 9 20546-2)', 0x463a2f3830733930732053796e746820506f702f4e6577204f726465722f666c61635f31393934204e6577204f72646572202d2042697a61727265204c6f766520547269616e676c65202843445320555320392032303534362d32292f636f7665722f66726f6e742e6a7067),
(1762, '', '', 2, 'Gino Vannelli', 'Black Cars (12 US 4W9 05205)', 0x463a2f3830733930732053796e746820506f702f47696e6f2056616e656c6c692f666c61635f313938352047696e6f2056616e6e656c6c69202d20426c61636b20436172732028313220555320345739203035323035292f636f7665722f66726f6e742e6a7067),
(1763, '', '', 2, 'New Order', 'Blue Monday (12 US 0-20869)', 0x463a2f3830733930732053796e746820506f702f4e6577204f726465722f666c61635f31393838204e6577204f72646572202d20426c7565204d6f6e6461792028313220555320302d3230383639292f636f7665722f66726f6e742e6a7067),
(1764, '', '', 2, 'New Order', 'Blue Monday (Adesse Versions) (12 UK NOL AV001)', 0x463a2f3830733930732053796e746820506f702f4e6577204f726465722f666c61635f32303139204e6577204f72646572202d20426c7565204d6f6e6461792028313220554b204e4f4c204156303031292f636f7665722f66726f6e742e6a7067),
(1765, '', '', 2, 'Irene Cara', 'Breakdance (12 US 0-20196)', 0x463a2f3830733930732053796e746820506f702f4972656e6520436172612f666c61635f31393833204972656e652043617261202d20427265616b64616e63652028313220555320302d3230313936292f636f7665722f66726f6e742e6a7067),
(1766, '', '', 2, 'Depeche Mode', 'But Not Tonight (12 US 0-20578)', 0x463a2f3830733930732053796e746820506f702f44657065636865204d6f64652f666c61635f313938362044657065636865204d6f6465202d20427574204e6f7420546f6e696768742028313220555320302d3230353738292f636f7665722f66726f6e742e6a7067),
(1767, '', '', 2, 'Spagna', 'Call Me - Easy Lady', 0x463a2f3830733930732053796e746820506f702f537061676e612f666c61635f3139383720537061676e61202d2043616c6c204d652045617379204c6164792028327846696c65204344532055532050726f6d6f206e6f6e65292f636f7665722f66726f6e742e6a7067),
(1768, '', '', 2, 'Spagna', 'Call Me (12 Netherlands CBS 650279 6)', 0x463a2f3830733930732053796e746820506f702f537061676e612f666c61635f3139383720537061676e61202d2043616c6c204d652028313220455520434253203635303237392036292f636f7665722f66726f6e742e6a7067),
(1769, '', '', 2, 'Spagna', 'Call Me (12 US 49 07573)', 0x463a2f3830733930732053796e746820506f702f537061676e612f666c61635f3139383720537061676e61202d2043616c6c204d6520283132205553203439203037353733292f636f7665722f66726f6e742e6a7067),
(1770, '', '', 2, 'Gary Numan', 'Cars (CDS US Promo GNNYC1)', 0x463a2f3830733930732053796e746820506f702f47617279204e756d616e2f666c61635f313939372047617279204e756d616e202d204361727320284344532055532050726f6d6f20474e4e59432031292f636f7665722f66726f6e742e6a7067),
(1771, '', '', 2, 'Robbie Nevil', 'C\'est La Vie (12 US V-56036)', 0x463a2f3830733930732053796e746820506f702f526f62626965204e6576696c2f666c61635f3139383620526f62626965204e6576696c202d204327657374204c61205669652028313220555320562d3536303336292f636f7665722f66726f6e742e6a7067),
(1772, '', '', 2, 'Cyndi Lauper', 'Change Of Heart (7 US Promo 37-06431)', 0x463a2f3830733930732053796e746820506f702f43796e6469204c61757065722f666c61635f313938362043796e6469204c6175706572202d204368616e6765204f662048656172742028372055532050726f6d6f2033372d3036343331292f636f7665722f66726f6e742e6a7067),
(1773, '', '', 2, 'Cyndi Lauper', 'Change Of Heart (12 US 4R9-05974)', 0x463a2f3830733930732053796e746820506f702f43796e6469204c61757065722f666c61635f313938362043796e6469204c6175706572202d204368616e6765204f6620486561727420283132205553203452392d3035393734292f636f7665722f66726f6e742e6a7067),
(1774, '', '', 2, 'Cyndi Lauper', 'Change Of Heart (12 US 7464-05974-1)', 0x463a2f3830733930732053796e746820506f702f43796e6469204c61757065722f666c61635f313938362043796e6469204c6175706572202d204368616e6765204f662048656172742028313220555320373436342d30353937342d31292f636f7665722f66726f6e742e6a7067),
(1775, '', '', 2, 'Cyndi Lauper', 'Change Of Heart (12 US Promo RAS-2560)', 0x463a2f3830733930732053796e746820506f702f43796e6469204c61757065722f666c61635f313938362043796e6469204c6175706572202d204368616e6765204f66204865617274202831322055532050726f6d6f205241532d32353630292f636f7665722f66726f6e742e6a7067),
(1776, '', '', 2, 'Level 42', 'Collected', 0x463a2f3830733930732053796e746820506f702f4c6576656c2034322f666c61635f32303136204c6576656c203432202d20436f6c6c65637465642f636f7665722f66726f6e742e6a7067),
(1777, '', '', 2, 'Seal', 'Crazy (CDS US 9 41003-2)', 0x463a2f3830733930732053796e746820506f702f5365616c2f666c61635f31393930205365616c202d204372617a79202843445320555320392034313030332d32292f636f7665722f66726f6e742e6a7067),
(1778, '', '', 2, 'Seal', 'Crazy (Urban Remix) (CDS US Promo PRO-CD-4879)', 0x463a2f3830733930732053796e746820506f702f5365616c2f666c61635f31393930205365616c202d204372617a792028557262616e2052656d69782920284344532055532050726f6d6f2050524f2d43442d34383739292f636f7665722f66726f6e742e6a7067),
(1779, '', '', 2, 'Bananarama', 'Cruel Summer (CDS UK BANANABOX01-08)', 0x463a2f3830733930732053796e746820506f702f42616e616e6172616d612f666c61635f313938342042616e616e6172616d61202d20437275656c2053756d6d6572202843445320554b2042414e414e41424f5830312d3038292f636f7665722f66726f6e742e6a7067),
(1780, '', '', 2, 'Bananarama', 'Cruel Summer (CDS UK BANANABOX01-15)', 0x463a2f3830733930732053796e746820506f702f42616e616e6172616d612f666c61635f313938362042616e616e6172616d61202d2056656e757320284344532042414e414e41424f5830312d3135292f636f7665722f66726f6e742e6a7067),
(1781, '', '', 2, 'A-ha', 'Cry Wolf (5xFile UK Reissue Promo none)', 0x463a2f3830733930732053796e746820506f702f412d68612f666c61635f3230313620412d6861202d2043727920576f6c662028357846696c6520554b20526569737375652050726f6d6f206e6f6e65292f636f7665722f66726f6e742e6a7067),
(1782, '', '', 2, 'New Order', 'Crystal (CDS UK NUCDP8)', 0x463a2f3830733930732053796e746820506f702f4e6577204f726465722f666c61635f32303031204e6577204f72646572202d204372797374616c202843445320554b204e5543445038292f636f7665722f66726f6e742e6a7067),
(1783, '', '', 2, 'New Order', 'Crystal (CDS UK NUOCD8)', 0x463a2f3830733930732053796e746820506f702f4e6577204f726465722f666c61635f32303031204e6577204f72646572202d204372797374616c202843445320554b204e554f434438292f636f7665722f66726f6e742e6a7067),
(1784, '', '', 2, 'New Order', 'Crystal (CDS US 9 42397-2)', 0x463a2f3830733930732053796e746820506f702f4e6577204f726465722f666c61635f32303031204e6577204f72646572202d204372797374616c202843445320555320392034323339372d32292f636f7665722f66726f6e742e6a7067),
(1785, '', '', 2, 'Spagna', 'Dance Dance Dance (12 Eu Cbs 650911 6)', 0x463a2f3830733930732053796e746820506f702f537061676e612f666c61635f3139383720537061676e61202d2044616e63652044616e63652044616e63652028313220455520434253203635303931312036292f636f7665722f66726f6e742e6a7067),
(1786, '', '', 2, 'Alphaville', 'Dance With Me (Empire Remix) (12 UK X8747 T)', 0x463a2f3830733930732053796e746820506f702f416c70686176696c6c652f666c61635f3139383620416c70686176696c6c65202d2044616e63652057697468204d652028313220554b2058383734372054292f636f7665722f66726f6e742e6a7067),
(1787, '', '', 2, 'Spagna', 'Dedicated To The Moon (CD LP EU 450646 2)', 0x463a2f3830733930732053796e746820506f702f537061676e612f666c61635f3139383620537061676e61202d2044656469636174656420546f20546865204d6f6f6e20284344204c50204555203435303634362032292f636f7665722f66726f6e742e6a7067),
(1788, '', '', 2, 'Pet Shop Boys', 'Disco (CD Comp EU CDP 7 46450 2)', 0x463a2f3830733930732053796e746820506f702f5065742053686f7020426f79732f666c61635f31393836205065742053686f7020426f7973202d20446973636f2028434420436f6d702045552043445020372034363435302032292f636f7665722f66726f6e742e6a7067),
(1789, '', '', 2, 'Propaganda', 'Do Well EP (5xFile WW ZTT none)', 0x463a2f3830733930732053796e746820506f702f50726f706167616e64612f666c61635f313938352050726f706f67616e6461202d20446f2057656c6c2028357846696c65205757205a5454206e6f6e65292f636f7665722f66726f6e742e6a7067),
(1790, '', '', 2, 'Inner City', 'Do You Love What You Feel (CDS UK TENCD 273)', 0x463a2f3830733930732053796e746820506f702f496e6e657220436974792f666c61635f3139383920496e6e65722043697479202d20446f20596f75204c6f7665205768617420596f75204665656c202843445320554b2054454e434420323733292f636f7665722f66726f6e742e6a7067),
(1791, '', '', 2, 'Culture Club', 'Do You Really Want To Hurt Me (CDS EU 665 483)', 0x463a2f3830733930732053796e746820506f702f43756c7475726520436c75622f666c61635f313938322043756c7475726520436c7562202d20446f20596f75205265616c6c792057616e7420546f2048757274204d6520284344532045552036363520343833292f636f7665722f66726f6e742e6a7067),
(1792, '', '', 2, 'Pet Shop Boys', 'Domino Dancing (CDS UK CDR 6190)', 0x463a2f3830733930732053796e746820506f702f5065742053686f7020426f79732f666c61635f31393838205065742053686f7020426f7973202d20446f6d696e6f2044616e63696e67202843445320554b204344522036313930292f636f7665722f66726f6e742e6a7067),
(1793, '', '', 2, 'Sandra', 'Don\'t Be Aggressive (CDS Germany 665 079)', 0x463a2f3830733930732053796e746820506f702f53616e6472612f666c61635f313939322053616e647261202d20446f6e277420426520416767726573736976652028434453204765726d616e7920363635203037392c2044494e534420313134292f636f7665722f66726f6e742e6a7067),
(1794, '', '', 2, 'Thelma Houston', 'Don\'t Leave Me This Way (3xFile US Promo none)', 0x463a2f3830733930732053796e746820506f702f5468656c6d6120486f7573746f6e2f666c61635f32303032205468656c6d6120486f7573746f6e202d20446f6e2774204c65617665204d652054686973205761792028337846696c652055532050726f6d6f206e6f6e65292f636f7665722f66726f6e742e6a7067),
(1795, '', '', 2, 'Thelma Houston', 'Don\'t Leave Me This Way (CDS Germany ZYX 7585-8)', 0x463a2f3830733930732053796e746820506f702f5468656c6d6120486f7573746f6e2f666c61635f31393935205468656c6d6120486f7573746f6e202d20446f6e2774204c65617665204d652054686973205761792028434453204765726d616e79205a595820373538352d38292f636f7665722f66726f6e742e6a7067),
(1796, '', '', 2, 'Right Said Fred', 'Don\'t Talk Just Kiss (CDS US 96200-2)', 0x463a2f3830733930732053796e746820506f702f5269676874205361696420467265642f666c61635f3139393220526967687420536169642046726564202d20446f6e27742054616c6b204a757374204b69737320284344532055532039363230302d32292f636f7665722f66726f6e742e6a7067),
(1797, '', '', 2, 'Depeche Mode', 'Dream On (9 44982-2)', 0x463a2f3830733930732053796e746820506f702f44657065636865204d6f64652f72656973737565732f666c61635f323030312044657065636865204d6f6465202d20447265616d204f6e202843445320555320392034343938322d32292f636f7665722f66726f6e742e6a7067),
(1798, '', '', 2, 'Depeche Mode', 'Dream On (LCDBong30)', 0x463a2f3830733930732053796e746820506f702f44657065636865204d6f64652f72656973737565732f666c61635f323030312044657065636865204d6f6465202d20447265616d204f6e202843445320554b204c45204c4344424f4e473330292f636f7665722f66726f6e742e6a7067),
(1799, '', '', 2, 'Depeche Mode', 'Dream On (PRO-CDR-100670)', 0x463a2f3830733930732053796e746820506f702f44657065636865204d6f64652f72656973737565732f666c61635f323030312044657065636865204d6f6465202d20447265616d204f6e20284344532055532050726f6d6f2050524f2d4344522d313030363730292f636f7665722f66726f6e742e6a7067),
(1800, '', '', 2, 'Spagna', 'Easy Lady (12 Netherlands CBS 127019)', 0x463a2f3830733930732053796e746820506f702f537061676e612f666c61635f3139383620537061676e61202d2045617379204c616479202831322045552043425320313237303139292f636f7665722f66726f6e742e6a7067),
(1801, '', '', 2, 'Depeche Mode', 'Enjoy The Silence (CDS Mini Germany XLCDBong18)', 0x463a2f3830733930732053796e746820506f702f44657065636865204d6f64652f666c61635f313939302044657065636865204d6f6465202d20456e6a6f79205468652053696c656e63652028434453204d696e69204765726d616e7920584c4344426f6e673138292f636f7665722f66726f6e742e6a7067),
(1802, '', '', 2, 'Depeche Mode', 'Enjoy The Silence (CDS US 9 21492-0)', 0x463a2f3830733930732053796e746820506f702f44657065636865204d6f64652f666c61635f313939302044657065636865204d6f6465202d20456e6a6f79205468652053696c656e6365202843445320555320392032313439322d30292f636f7665722f66726f6e742e6a7067),
(1803, '', '', 2, 'Depeche Mode', 'Enjoy The Silence 2004 (6xFile US none)', 0x463a2f3830733930732053796e746820506f702f44657065636865204d6f64652f72656973737565732f666c61635f323030342044657065636865204d6f6465202d20456e6a6f79207468652053696c656e636520323030342028367846696c65205553206e6f6e65292f636f7665722f66726f6e742e6a7067),
(1804, '', '', 2, 'Sandra', 'Everlasting Love (CDS UK SRNCD 85)', 0x463a2f3830733930732053796e746820506f702f53616e6472612f666c61635f313938382053616e647261202d20457665726c617374696e67204c6f7665202843445320554b2053524e4344203835292f636f7665722f66726f6e742e6a7067),
(1805, '', '', 2, 'Irene Cara', 'Fame (12 Netherlands 810 724-1)', 0x463a2f3830733930732053796e746820506f702f4972656e6520436172612f666c61635f31393830204972656e652043617261202d2046616d6520283132204e65746865726c616e647320383130203732342d31292f636f7665722f66726f6e742e6a7067),
(1806, '', '', 2, 'Irene Cara', 'Flashdance... What A Feeling (12 US Promo NBD 20248 DJ)', 0x463a2f3830733930732053796e746820506f702f4972656e6520436172612f666c61635f31393833204972656e652043617261202d20466c61736864616e63652e2e2e20576861742041204665656c696e67202831322055532050726f6d6f204e424420323032343820444a292f636f7665722f66726f6e742e6a7067),
(1807, '', '', 2, 'Alphaville', 'Forever Young (CDS Mini Germany 246 985-2)', 0x463a2f3830733930732053796e746820506f702f416c70686176696c6c652f666c61635f3139383920416c70686176696c6c65202d20466f726576657220596f756e672028434453204d696e69204765726d616e7920323436203938352d32292f636f7665722f66726f6e742e6a7067),
(1808, '', '', 2, 'Depeche Mode', 'Freelove (CDM UK Promo BONG32)', 0x463a2f3830733930732053796e746820506f702f44657065636865204d6f64652f72656973737565732f666c61635f323030312044657065636865204d6f6465202d20467265656c6f7665202843445320554b2050726f6d6f20424f4e473332292f636f7665722f66726f6e742e6a7067),
(1809, '', '', 2, 'Depeche Mode', 'Freelove (Radio Mixes)', 0x463a2f3830733930732053796e746820506f702f44657065636865204d6f64652f72656973737565732f666c61635f323030312044657065636865204d6f6465202d20467265656c6f76652028526164696f204d697865732920284344522055532050726f6d6f2043442d5265666572656e6365292f636f7665722f66726f6e742e6a7067),
(1810, '', '', 2, 'Boy George', 'Generations Of Love (CDS US Promo PRCD 3557)', 0x463a2f3830733930732053796e746820506f702f426f792047656f7267652f666c61635f3139393020426f792047656f726765202d2047656e65726174696f6e73204f66204c6f766520284344532055532050726f6d6f20505243442033353537292f636f7665722f66726f6e742e6a7067),
(1811, '', '', 2, 'Cyndi Lauper', 'Girls Just Want To Have Fun (12 EU PRTA 12-3943)', 0x463a2f3830733930732053796e746820506f702f43796e6469204c61757065722f666c61635f313938332043796e6469204c6175706572202d204769726c73204a7573742057616e7420546f20486176652046756e2028313220455520505254412031322d33393433292f636f7665722f66726f6e742e6a7067),
(1812, '', '', 2, 'Cyndi Lauper', 'Girls Just Want To Have Fun (12 Japan 3P-509)', 0x463a2f3830733930732053796e746820506f702f43796e6469204c61757065722f666c61635f313938342043796e6469204c6175706572202d204769726c73204a7573742057616e7420546f20486176652046756e20283132204a6170616e2033502d353039292f636f7665722f66726f6e742e6a7067),
(1813, '', '', 2, 'Pet Shop Boys', 'Go West (CDS EU 81091 2 3)', 0x463a2f3830733930732053796e746820506f702f5065742053686f7020426f79732f666c61635f31393933205065742053686f7020426f7973202d20476f2057657374202843445320455520383130393120322033292f636f7665722f66726f6e742e6a7067),
(1814, '', '', 2, 'Inner City', 'Good Life  (12 US DMD 1266)', 0x463a2f3830733930732053796e746820506f702f496e6e657220436974792f666c61635f3139383820496e6e65722043697479202d20476f6f64204c6966652028313220555320444d442031323636292f636f7665722f66726f6e742e6a7067),
(1815, '', '', 2, 'Inner City', 'Good Life (2x12 UK Promo ICDJ 93)', 0x463a2f3830733930732053796e746820506f702f496e6e657220436974792f666c61635f3139393320496e6e65722043697479202d20476f6f64204c69666520283278313220554b2050726f6d6f204943444a203933292f636f7665722f66726f6e742e6a7067),
(1816, '', '', 2, 'Inner City', 'Good Life (12 US 0-96591)', 0x463a2f3830733930732053796e746820506f702f496e6e657220436974792f666c61635f3139383820496e6e65722043697479202d20476f6f64204c6966652028313220555320302d3936353931292f636f7665722f66726f6e742e6a7067),
(1817, '', '', 2, 'Inner City', 'Good Life (CDS EU Promo none)', 0x463a2f3830733930732053796e746820506f702f496e6e657220436974792f666c61635f3139383820496e6e65722043697479202d20476f6f64204c69666520284344532045552050726f6d6f206e6f6e65292f636f7665722f66726f6e742e6a7067),
(1818, '', '', 2, 'Inner City', 'Good Life (CDS EU TENCD 249)', 0x463a2f3830733930732053796e746820506f702f496e6e657220436974792f666c61635f3139383820496e6e65722043697479202d20476f6f64204c69666520284344532045552054454e434420323439292f636f7665722f66726f6e742e6a7067),
(1819, '', '', 2, 'Inner City', 'Good Life (Remastered) (3xFile KMS Records none)', 0x463a2f3830733930732053796e746820506f702f496e6e657220436974792f666c61635f3230313720496e6e65722043697479202d20476f6f64204c6966652028337846696c65205553204b4d53205265636f726473206e6f6e65292f636f7665722f66726f6e742e6a7067),
(1820, '', '', 2, 'High On Life', 'Good Times (CDS UK MCDFAC 1)', 0x463a2f3830733930732053796e746820506f702f48696768204f6e204c6966652f666c61635f313939312048696768204f6e204c696665202d20476f6f642054696d6573202843445320554b204d43444641432031292f636f7665722f66726f6e742e6a7067),
(1821, '', '', 2, 'Mantronix', 'Got To Have Your Love (CDS UK 20 3654 2)', 0x463a2f3830733930732053796e746820506f702f4d616e74726f6e69782f666c61635f31393839204d616e74726f6e6978202d20476f7420546f204861766520596f7572204c6f7665202843445320554b20323020333635342032292f636f7665722f66726f6e742e6a7067),
(1822, '', '', 2, 'Tears For Fears', 'Head Over Heels (4xFile UK none)', 0x463a2f3830733930732053796e746820506f702f546561727320466f722046656172732f666c61635f3230313820546561727320466f72204665617273202d2048656164204f766572204865656c732028347846696c6520554b206e6f6e65292f636f7665722f66726f6e742e6a7067),
(1823, '', '', 2, 'Pet Shop Boys', 'Heart (CDS UK CDR 6177)', 0x463a2f3830733930732053796e746820506f702f5065742053686f7020426f79732f666c61635f31393838205065742053686f7020426f7973202d204865617274202843445320554b204344522036313737292f636f7665722f66726f6e742e6a7067),
(1824, '', '', 2, 'Sandra', 'Heaven Can Wait (CDS Germany 661 507)', 0x463a2f3830733930732053796e746820506f702f53616e6472612f666c61635f313938382053616e647261202d2048656176656e2043616e20576169742028434453204765726d616e792036363120353037292f636f7665722f66726f6e742e6a7067),
(1825, '', '', 2, 'Eurythmics', 'Here Comes The Rain (1xFile EU Promo none)', 0x463a2f3830733930732053796e746820506f702f4575727974686d6963732f666c61635f31393934204575727974686d696373202d204865726520436f6d657320546865205261696e2028317846696c652045552050726f6d6f206e6f6e65292f636f7665722f66726f6e742e6a7067),
(1826, '', '', 2, 'Sandra', 'Hiroshima (CDS EU 663 015)', 0x463a2f3830733930732053796e746820506f702f53616e6472612f666c61635f313938392053616e647261202d204869726f7368696d6120284344532045552036363320303135292f636f7665722f66726f6e742e6a7067),
(1827, '', '', 2, 'Cyndi Lauper', 'I Drove All Night (12 EU EPC 654837 6)', 0x463a2f3830733930732053796e746820506f702f43796e6469204c61757065722f666c61635f313938392043796e6469204c6175706572202d20492044726f766520416c6c204e696768742028313220455520455043203635343833372036292f636f7665722f66726f6e742e6a7067),
(1828, '', '', 2, 'Cyndi Lauper', 'I Drove All Night (CDS US Mini Longbox 34K 68759)', 0x463a2f3830733930732053796e746820506f702f43796e6469204c61757065722f666c61635f313938392043696e6479204c6175706572202d20492044726f766520416c6c204e696768742028434453205553204d696e69204c6f6e67626f782033344b203638373539292f636f7665722f66726f6e742e6a7067),
(1829, '', '', 2, 'Depeche Mode', 'I Feel Loved', 0x463a2f3830733930732053796e746820506f702f44657065636865204d6f64652f72656973737565732f666c61635f323030312044657065636865204d6f6465202d2049204665656c204c6f766564202843447220554b20424f4e47203331292f636f7665722f66726f6e742e6a7067),
(1830, '', '', 2, 'Depeche Mode', 'I Feel Loved (CDS UK LCDBONG31)', 0x463a2f3830733930732053796e746820506f702f44657065636865204d6f64652f72656973737565732f666c61635f323030312044657065636865204d6f6465202d2049204665656c204c6f766564202843445320554b204c4344424f4e473331292f636f7665722f66726f6e742e6a7067),
(1831, '', '', 2, 'Bananarama', 'I Heard A Rumour (CDS UK BANANABOX01-18)', 0x463a2f3830733930732053796e746820506f702f42616e616e6172616d612f666c61635f313938372042616e616e6172616d61202d204920486561726420412052756d6f7572202843445320554b2042414e414e41424f5830312d3138292f636f7665722f66726f6e742e6a7067),
(1832, '', '', 2, 'Culture Club', 'I Just Wanna Be Loved (CDR UK Promo none)', 0x463a2f3830733930732053796e746820506f702f43756c7475726520436c75622f6d70335f313939382043756c7475726520436c7562202d2049204a7573742057616e6e61204265204c6f766564202843445220554b2050726f6d6f206e6f6e65292f636f7665722f66726f6e742e6a7067),
(1833, '', '', 2, 'Culture Club', 'I Just Wanna Be Loved (CDS EU VSCDT 1710)', 0x463a2f3830733930732053796e746820506f702f43756c7475726520436c75622f666c61635f323030332043756c7475726520436c7562202d2049204a7573742057616e6e61204265204c6f76656420284344532045552056534344542031373130292f636f7665722f66726f6e742e6a7067),
(1834, '', '', 2, 'Sandra', 'I Need Love (CDS EU 665 401)', 0x463a2f3830733930732053796e746820506f702f53616e6472612f666c61635f313939322053616e647261202d2049204e656564204c6f7665202843445320455520363635203430312c2044494e534420313137292f636f7665722f66726f6e742e6a7067),
(1835, '', '', 2, 'Sharon Brown', 'I Specialize In Love (1994 Remixes) (CDS US PCD-7416)', 0x463a2f3830733930732053796e746820506f702f536861726f6e2042726f776e2f666c61635f3139393420536861726f6e2042726f776e202d2049205370656369616c697a6520496e204c6f76652028434453205553205043442d37343136292f636f7665722f66726f6e742e6a7067),
(1836, '', '', 2, 'Pet Shop Boys', 'I Wouldn’t Normally Do This Kind Of Thing (CDS US E2-58122)', 0x463a2f3830733930732053796e746820506f702f5065742053686f7020426f79732f666c61635f31393934205065742053686f7020426f7973202d2049574e44544b4f5420284344532055532045322d3538313232292f636f7665722f66726f6e742e6a7067),
(1837, '', '', 2, 'Pet Shop Boys', 'I Wouldn\'t Normally Do This Kind Of Thing (12 UK 12R 6370)', 0x463a2f3830733930732053796e746820506f702f5065742053686f7020426f79732f666c61635f31393933205065742053686f7020426f7973202d2049574e44544b4f542028313220554b203132522036333730292f636f7665722f66726f6e742e6a7067),
(1838, '', '', 2, 'Culture Club', 'It\'s A Miracle (12 Japan LE VIRG-5196)', 0x463a2f3830733930732053796e746820506f702f43756c7475726520436c75622f666c61635f313938342043756c7475726520436c7562202d20497427732041204d697261636c6520283132204a6170616e204c4520564952472d35313936292f636f7665722f66726f6e742e6a7067),
(1839, '', '', 2, 'Pet Shop Boys', 'It\'s A Sin (CDS UK CDR 6158)', 0x463a2f3830733930732053796e746820506f702f5065742053686f7020426f79732f666c61635f31393837205065742053686f7020426f7973202d204974277320412053696e202843445320554b204344522036313538292f636f7665722f66726f6e742e6a7067),
(1840, '', '', 2, 'Pet Shop Boys', 'It\'s Alright (CDS Mini Germany CDP 560 20 3450 3)', 0x463a2f3830733930732053796e746820506f702f5065742053686f7020426f79732f666c61635f31393839205065742053686f7020426f7973202d204974277320416c72696768742028434453204d696e69204765726d616e79204344502035363020323020333435302033292f636f7665722f66726f6e742e6a7067),
(1841, '', '', 2, 'Depeche Mode', 'It\'s No Good (12 UK Promo PL12 BONG 26)', 0x463a2f3830733930732053796e746820506f702f44657065636865204d6f64652f72656973737565732f666c61635f313939372044657065636865204d6f6465202d2049746073204e6f20476f6f642028313220554b2050726f6d6f20504c313220424f4e47203236292f636f7665722f66726f6e742e6a7067),
(1842, '', '', 2, 'Level 42', 'It\'s Over (7 US Promo 887 227-7 DJ)', 0x463a2f3830733930732053796e746820506f702f4c6576656c2034322f666c61635f31393837204c6576656c203432202d2049742773204f7665722028372055532050726f6d6f20383837203232372d3720444a292f636f7665722f66726f6e742e6a7067),
(1843, '', '', 2, 'Level 42', 'It\'s Over (12 Germany 885 965-1)', 0x463a2f3830733930732053796e746820506f702f4c6576656c2034322f666c61635f31393837204c6576656c203432202d2049742773204f76657220283132204765726d616e7920383835203936352d31292f636f7665722f66726f6e742e6a7067),
(1844, '', '', 2, 'A-ha', 'I\'ve Been Losing You (12 Germany 920 557-0)', 0x463a2f3830733930732053796e746820506f702f412d68612f666c61635f3139383620412d6861202d2049277665204265656e204c6f73696e6720596f7520283132204765726d616e7920393230203535372d30292f636f7665722f66726f6e742e6a7067),
(1845, '', '', 2, 'Alphaville', 'Jet Set (Jellybean Mix) (12 Germany 249 126-0)', 0x463a2f3830733930732053796e746820506f702f416c70686176696c6c652f666c61635f3139383520416c70686176696c6c65202d204a65742053657420283132204765726d616e7920323439203132362d30292f636f7665722f66726f6e742e6a7067),
(1846, '', '', 2, 'Jellybean ft Adele Berti', 'Just A Mirage (12 UK JELX 3)', 0x463a2f3830733930732053796e746820506f702f4a656c6c796265616e2f666c61635f31393838204a656c6c796265616e206674204164656c65204265727469202d204a7573742041204d69726167652028313220554b204a454c582033292f636f7665722f66726f6e742e6a7067),
(1848, '', '', 2, 'Depeche Mode', 'Just Can\'t Get Enough (CDS Germany INT 826.801)', 0x463a2f3830733930732053796e746820506f702f44657065636865204d6f64652f666c61635f313938312044657065636865204d6f6465202d204a7573742043616e27742047657420456e6f7567682028434453204765726d616e7920494e54203832362e383031292f636f7665722f66726f6e742e6a7067),
(1850, '', '', 2, 'Siedah Garrett', 'K.I.S.S.I.N.G. (CDS US Promo PRO-CD-3123)', 0x463a2f3830733930732053796e746820506f702f53696564616820476172726574742f666c61635f31393838205369656461682047617272657474202d204b2e492e532e532e492e4e2e472e20284344532055532050726f6d6f2050524f2d43442d33313233292f636f7665722f66726f6e742e6a7067),
(1851, '', '', 2, 'Seal', 'Killer (CDS Japan Promo WMC5-467)', 0x463a2f3830733930732053796e746820506f702f5365616c2f666c61635f31393931205365616c202d204b696c6c65722028434453204a6170616e2050726f6d6f20574d43352d343637292f636f7665722f66726f6e742e6a7067),
(1852, '', '', 2, 'Seal', 'Killer (CDS US 42777-2)', 0x463a2f3830733930732053796e746820506f702f5365616c2f666c61635f32303035205365616c202d204b696c6c657220284344532055532034323737372d32292f636f7665722f66726f6e742e6a7067),
(1854, '', '', 2, 'Go West', 'King Of Wishful Thinking (CDS US Promo DPRO04569)', 0x463a2f3830733930732053796e746820506f702f476f20576573742f666c61635f3139393020476f2057657374202d20546865204b696e67204f66205769736866756c205468696e6b696e6720284344532055532050726f6d6f204450524f3034353639292f636f7665722f66726f6e742e6a7067),
(1855, '', '', 2, 'Paula Abdul', 'Knocked Out (The Shep Pettibone Remixes) (12 UK Promo  SRNX 92)', 0x463a2f3830733930732053796e746820506f702f5061756c6120416264756c2f666c61635f31393839205061756c6120416264756c202d204b6e6f636b6564204f75742028313220554b2050726f6d6f2053524e58203932292f636f7665722f66726f6e742e6a7067),
(1856, '', '', 2, 'Thelma Houston', 'Leave Me Baby (8xFile Italy Promo none)', 0x463a2f3830733930732053796e746820506f702f5468656c6d6120486f7573746f6e2f666c61635f32303137205468656c6d6120486f7573746f6e20e2808e202d204c65617665204d6520426162792028387846696c65204974616c792050726f6d6f206e6f6e65292f636f7665722f66726f6e742e6a7067),
(1857, '', '', 2, 'Pet Shop Boys', 'Left To My Own Devices (CDS UK CDR 6198)', 0x463a2f3830733930732053796e746820506f702f5065742053686f7020426f79732f666c61635f31393838205065742053686f7020426f7973202d204c65667420546f204d79204f776e2044657669636573202843445320554b204344522036313938292f636f7665722f66726f6e742e6a7067),
(1858, '', '', 2, 'Level 42', 'Lessons In Love (7 UK LE POSA 790)', 0x463a2f3830733930732053796e746820506f702f4c6576656c2034322f666c61635f31393836204c6576656c203432202d204c6573736f6e7320496e204c6f766520283720554b204c4520504f534120373930292f636f7665722f66726f6e742e6a7067),
(1859, '', '', 2, 'Level 42', 'Lessons In Love (12 UK LE POSPA 790)', 0x463a2f3830733930732053796e746820506f702f4c6576656c2034322f666c61635f31393836204c6576656c203432202d204c6573736f6e7320496e204c6f76652028313220554b204c4520504f53504120373930292f636f7665722f66726f6e742e6a7067),
(1860, '', '', 2, 'Level 42', 'Lessons In Love (12 US 885 706-1)', 0x463a2f3830733930732053796e746820506f702f4c6576656c2034322f666c61635f31393837204c6576656c203432202d204c6573736f6e7320496e204c6f76652028313220555320383835203730362d31292f636f7665722f66726f6e742e6a7067),
(1861, '', '', 2, 'Natalie Cole', 'Livin\' For Love (CDS Hong Kong 7559-67194-2)', 0x463a2f3830733930732053796e746820506f702f4e6174616c696520436f6c652f666c61635f32303031204e6174616c696520436f6c65202d204c6976696e6720466f72204c6f7665202843445320486f6e67204b6f6e6720373535392d36373139342d32292f636f7665722f66726f6e742e6a7067),
(1863, '', '', 2, 'Grace Jones', 'Love Bites (CDS UK Promo GRACECD007)', 0x463a2f3830733930732053796e746820506f702f4772616365204a6f6e65732f666c61635f31393936204772616365204a6f6e6573202d204c6f7665204269746573202843445320554b2050726f6d6f2047524143454344303037292f636f7665722f66726f6e742e6a7067),
(1864, '', '', 2, 'Bananarama', 'Love In The First Degree (CDS UK BANANABOX01-19)', 0x463a2f3830733930732053796e746820506f702f42616e616e6172616d612f666c61635f313938372042616e616e6172616d61202d204c6f766520496e2054686520466972737420446567726565202843445320554b2042414e414e41424f5830312d3139292f636f7665722f66726f6e742e6a7067),
(1865, '', '', 2, 'The Cool Notes', 'Love Is A Freaky Thing (11xFile UK Promo none)', 0x463a2f3830733930732053796e746820506f702f54686520436f6f6c204e6f7465732f666c61635f313939302054686520436f6f6c204e6f746573202d204c6f7665204973204120467265616b79205468696e67202831317846696c6520554b2050726f6d6f206e6f6e65292f636f7665722f66726f6e742e6a7067),
(1867, '', '', 2, 'Seal', 'Love\'s Divine (CDS US 9 42685-2)', 0x463a2f3830733930732053796e746820506f702f5365616c2f666c61635f32303033205365616c202d204c6f7665277320446976696e65202843445320555320392034323638352d32292f636f7665722f66726f6e742e6a7067),
(1868, '', '', 2, 'The Cool Notes', 'Make This A Special Night (11xFile UK Promo none)', 0x463a2f3830733930732053796e746820506f702f54686520436f6f6c204e6f7465732f666c61635f313939312054686520436f6f6c204e6f746573202d204d616b6520546869732061205370656369616c204e69676874202831317846696c6520554b2050726f6d6f206e6f6e65292f636f7665722f66726f6e742e6a7067),
(1869, '', '', 2, 'Sandra', 'Maria Magdalena (CDS EU 665 629)', 0x463a2f3830733930732053796e746820506f702f53616e6472612f666c61635f313939332053616e647261202d204d61726961204d616764616c656e6120284344532045552036363520363239292f636f7665722f66726f6e742e6a7067),
(1870, '', '', 2, 'Limahl', 'Never Ending Story (7xFile UK 2009 Reissue none)', 0x463a2f3830733930732053796e746820506f702f4c696d61686c2f666c61635f31393834204c696d61686c202d204e6576657220456e64696e672053746f72792028377846696c65203230303920554b2052656973737565206e6f6e65292f636f7665722f66726f6e742e6a7067),
(1871, '', '', 2, 'Depeche Mode', 'Never Let Me Down Again (CDS US Promo PRO-CD-2973)', 0x463a2f3830733930732053796e746820506f702f44657065636865204d6f64652f666c61635f313938372044657065636865204d6f6465202d204e65766572204c6574204d6520446f776e20416761696e20284344532055532050726f6d6f2050524f2d43442d32393733292f636f7665722f66726f6e742e6a7067),
(1872, '', '', 2, 'Sandra', 'Nights in White Satin (CDS EU DINSD 145)', 0x463a2f3830733930732053796e746820506f702f53616e6472612f666c61635f313939352053616e647261202d204e696768747320696e20576869746520536174696e20284344532045552044494e5344313435292f636f7665722f66726f6e742e6a7067),
(1873, '', '', 2, 'Starship', 'Nothing\'s Gonna Stop Up (12 US FT49758)', 0x463a2f3830733930732053796e746820506f702f53746172736869702f666c61635f31393837205374617273686970202d204e6f7468696e67277320476f6e6e612053746f70205573204e6f77202855532031322046543439373538292f636f7665722f66726f6e742e6a7067),
(1874, '', '', 2, 'Animotion', 'Obsession (7 Germany 880 266-7)', 0x463a2f3830733930732053796e746820506f702f416e696d6f74696f6e2f666c61635f3139383420416e696d6f74696f6e202d204f6273657373696f6e202837204765726d616e7920383830203236362d37292f636f7665722f66726f6e742e6a7067),
(1875, '', '', 2, 'Animotion', 'Obsession (12 Germany 880 266-1)', 0x463a2f3830733930732053796e746820506f702f416e696d6f74696f6e2f666c61635f3139383420416e696d6f74696f6e202d204f6273657373696f6e20283132204765726d616e7920383830203236362d31292f636f7665722f66726f6e742e6a7067),
(1876, '', '', 2, 'Sandra', 'One More Night (CDS EU 663 633)', 0x463a2f3830733930732053796e746820506f702f53616e6472612f666c61635f313939302053616e647261202d204f6e65204d6f7265204e6967687420284344532045552036363320363333292f636f7665722f66726f6e742e6a7067),
(1877, '', '', 2, 'O.M.D.', 'Pandora\'s Box (12 US 0-96338)', 0x463a2f3830733930732053796e746820506f702f4f2e4d2e442f666c61635f31393931204f2e4d2e442e202d2050616e646f7261277320426f782028313220555320302d3936333338292f636f7665722f66726f6e742e6a7067),
(1878, '', '', 2, 'Depeche Mode', 'Peace (CDS EU Promo  PCDBONG41)', 0x463a2f3830733930732053796e746820506f702f44657065636865204d6f64652f72656973737565732f666c61635f323030392044657065636865204d6f6465202d20506561636520284344532045552050726f6d6f2020504344424f4e473431292f636f7665722f66726f6e742e6a7067),
(1879, '', '', 2, 'Depeche Mode', 'Personal Jesus', 0x463a2f3830733930732053796e746820506f702f44657065636865204d6f64652f72656973737565732f666c61635f323031312044657065636865204d6f6465202d20506572736f6e616c204a6573757320323031312028357846696c65204672616e6365206e6f6e65292f636f7665722f66726f6e742e6a7067),
(1880, '', '', 2, 'Depeche Mode', 'Personal Jesus (CDS US 9 21328-2)', 0x463a2f3830733930732053796e746820506f702f44657065636865204d6f64652f666c61635f313938392044657065636865204d6f6465202d20506572736f6e616c204a65737573202843445320555320392032313332382d32292f636f7665722f66726f6e742e6a7067),
(1881, '', '', 2, 'Depeche Mode', 'Personal Jesus 2011 (4xFile France none)', 0x463a2f3830733930732053796e746820506f702f44657065636865204d6f64652f72656973737565732f666c61635f323031312044657065636865204d6f6465202d20506572736f6e616c204a6573757320323031312028347846696c65204672616e6365206e6f6e65292f636f7665722f66726f6e742e6a7067),
(1882, '', '', 2, 'Kenny Loggins', 'Playing With The Boys (12 US 44-05940)', 0x463a2f3830733930732053796e746820506f702f4b656e6e79204c6f6767696e732f666c61635f31393836204b656e6e79204c6f6767696e73202d20506c6179696e6720576974682054686520426f7973202831322055532034342d3035393430292f636f7665722f66726f6e742e6a7067),
(1883, '', '', 2, 'Depeche Mode', 'Policy Of Truth (CDS Japan Promo ALCB-110)', 0x463a2f3830733930732053796e746820506f702f44657065636865204d6f64652f666c61635f313939302044657065636865204d6f6465202d20506f6c696379204f662054727574682028434453204a6170616e2050726f6d6f20414c43422d313130292f636f7665722f66726f6e742e6a7067),
(1884, '', '', 2, 'Clivilles & Cole', 'Pride (In The Name Of Love) (12 US Promo CAS 4468)', 0x463a2f3830733930732053796e746820506f702f436c6976696c6c6573202620436f6c652f666c61635f3139393120436c6976696c6c6573202620436f6c65202d2050726964652028496e20546865204e616d65204f66204c6f766529202831322055532050726f6d6f204341532034343638292f636f7665722f66726f6e742e6a7067),
(1885, '', '', 2, 'Clivilles & Cole', 'Pride (In The Name Of Love) (CDS US 44K 74135)', 0x463a2f3830733930732053796e746820506f702f436c6976696c6c6573202620436f6c652f666c61635f3139393120436c6976696c6c6573202620436f6c65202d2050726964652028496e20546865204e616d65204f66204c6f76652920284344532055532034344b203734313335292f636f7665722f66726f6e742e6a7067),
(1886, '', '', 2, 'Taylor Dayne', 'Prove Your Love (CDS US Promo ASCD-9677)', 0x463a2f3830733930732053796e746820506f702f5461796c6f72204461796e652f666c61635f31393838205461796c6f72204461796e65202d2050726f766520596f7572204c6f766520284344532055532050726f6d6f20415343442d39363737292f636f7665722f66726f6e742e6a7067),
(1887, '', '', 2, 'Taylor Dayne', 'Prove Your Love (House Mix) (12 UK 609 966)', 0x463a2f3830733930732053796e746820506f702f5461796c6f72204461796e652f666c61635f31393838205461796c6f72204461796e65202d2050726f766520596f7572204c6f76652028486f757365204d6978292028313220554b2036303920393636292f636f7665722f66726f6e742e6a7067),
(1888, '', '', 2, 'Siedah Garrett', 'Refuse To Be Loose (12 US 0-20993)', 0x463a2f3830733930732053796e746820506f702f53696564616820476172726574742f666c61635f31393838205369656461682047617272657474202d2052656675736520546f204265204c6f6f73652028313220555320302d3230393933292f636f7665722f66726f6e742e6a7067),
(1889, '', '', 2, 'Siedah Garrett', 'Refuse To Be Loose (CDS US Promo PRO-CD-3332)', 0x463a2f3830733930732053796e746820506f702f53696564616820476172726574742f666c61635f31393838205369656461682047617272657474202d2052656675736520546f204265204c6f6f736520284344532055532050726f6d6f2050524f2d43442d33333332292f636f7665722f66726f6e742e6a7067),
(1890, '', '', 2, 'Simply Red', 'Remembering The First Time (12 UK 0630-13394-0)', 0x463a2f3830733930732053796e746820506f702f53696d706c79205265642f666c61635f313939352053696d706c7920526564202d2052656d656d626572696e67205468652046697273742054696d652028313220554b20303633302d31333339342d30292f636f7665722f66726f6e742e6a7067),
(1891, '', '', 2, 'Grace Jones', 'Re-Mix Re-Mask (12 UK 12 ISX 273)', 0x463a2f3830733930732053796e746820506f702f4772616365204a6f6e65732f666c61635f31393836204772616365204a6f6e6573202d2052652d4d69782052652d4d61736b2028313220554b2031322049535820323733292f636f7665722f66726f6e742e6a7067),
(1892, '', '', 2, 'Depeche Mode', 'Remixes 81-04', 0x463a2f3830733930732053796e746820506f702f44657065636865204d6f64652f72656973737565732f52656d69786573203831e2809330342f636f7665722f66726f6e742e6a7067),
(1893, '', '', 2, 'Depeche Mode', 'Remixes 81-11', 0x463a2f3830733930732053796e746820506f702f44657065636865204d6f64652f72656973737565732f52656d697865732038312d31312f636f7665722f66726f6e742e6a7067),
(1894, '', '', 2, 'Pet Shop Boys', 'Rent (12 UK 12R6168)', 0x463a2f3830733930732053796e746820506f702f5065742053686f7020426f79732f666c61635f31393837205065742053686f7020426f7973202d2052656e742028313220554b2031325236313638292f636f7665722f66726f6e742e6a7067),
(1895, '', '', 2, 'A-ha', 'Road Club (CDS Mini EP Japan 25P-2131)', 0x463a2f3830733930732053796e746820506f702f412d68612f666c61635f3139383820412d6861202d20526f616420436c75622028434453204d696e69204550204a6170616e203235502d32313331292f636f7665722f66726f6e742e6a7067),
(1896, '', '', 2, 'Level 42', 'Running The Family (12 UK POSPX 842)', 0x463a2f3830733930732053796e746820506f702f4c6576656c2034322f666c61635f31393837204c6576656c203432202d2052756e6e696e6720496e205468652046616d696c792028313220554b20504f53505820383432292f636f7665722f66726f6e742e6a7067),
(1897, '', '', 2, 'Kate Bush', 'Running Up That Hill (12 US V-7865)', 0x463a2f3830733930732053796e746820506f702f4b61746520427573682f666c61635f31393835204b6174652042757368202d2052756e6e696e6720557020546861742048696c6c2028313220555320562d37383635292f636f7665722f66726f6e742e6a7067),
(1898, '', '', 2, 'Boy George', 'Same Thing In Reverse (CDS US V25G-38527)', 0x463a2f3830733930732053796e746820506f702f426f792047656f7267652f666c61635f3139393520426f792047656f726765202d2053616d65205468696e6720496e2052657665727365202843445320555320563235472d3338353237292f636f7665722f66726f6e742e6a7067),
(1899, '', '', 2, 'A-ha', 'Scoundrel Club (CDS Mini EP Japan 25XD-712)', 0x463a2f3830733930732053796e746820506f702f412d68612f666c61635f3139383720412d6861202d2053636f756e6472656c20436c75622028434453204d696e69204550204a6170616e20323558442d373132292f636f7665722f66726f6e742e6a7067),
(1900, '', '', 2, 'Sandra', 'Secret Land (CDS Germany 611 750)', 0x463a2f3830733930732053796e746820506f702f53616e6472612f666c61635f313938382053616e647261202d20536563726574204c616e642028434453204765726d616e792036313120373530292f636f7665722f66726f6e742e6a7067),
(1901, '', '', 2, 'Pm Dawn', 'Set Adrift On Memory Bliss (CDS UK GESCD 33)', 0x463a2f3830733930732053796e746820506f702f504d204461776e2f666c61635f3139393120504d204461776e202d2053657420416472696674204f6e204d656d6f727920426c697373202843445320554b204745534344203333292f636f7665722f66726f6e742e6a7067),
(1902, '', '', 2, 'Tom Jones & Mousse T.', 'Sex Bomb (CDS Australia MUSH1931-2)', 0x463a2f3830733930732053796e746820506f702f546f6d204a6f6e65732026204d6f7573736520542f666c61635f3230303020546f6d204a6f6e65732026204d6f7573736520542e202d2053657820426f6d622028434453204175737472616c6961204d555348313933312d32292f636f7665722f66726f6e742e6a7067),
(1903, '', '', 2, 'Peaches & Herb', 'Shake Your Groove Thing (CDS Australia 851 129 2)', 0x463a2f3830733930732053796e746820506f702f5065616368657320416e6420486572622f666c61635f31393934205065616368657320416e642048657262202d205368616b6520596f75722047726f6f7665205468696e672028434453204175737472616c696120383531203132392032292f636f7665722f66726f6e742e6a7067),
(1904, '', '', 2, 'Peaches And Herb', 'Shake Your Groove Thing (CDS EU 851 227 2)', 0x463a2f3830733930732053796e746820506f702f5065616368657320416e6420486572622f666c61635f31393934205065616368657320416e642048657262202d205368616b6520596f75722047726f6f7665205468696e67202843445320455520383531203232372032292f636f7665722f66726f6e742e6a7067),
(1905, '', '', 2, 'Inner City', 'Share My Life (CDS UK SIXCD114)', 0x463a2f3830733930732053796e746820506f702f496e6e657220436974792f666c61635f3139393420496e6e65722043697479202d205368617265204d79204c696665202843445320554b205349584344313134292f636f7665722f66726f6e742e6a7067),
(1906, '', '', 2, 'Inner City', 'Share My Life (CDS US 44K 77663)', 0x463a2f3830733930732053796e746820506f702f496e6e657220436974792f666c61635f3139393420496e6e65722043697479202d205368617265204d79204c69666520284344532055532034344b203737363633292f636f7665722f66726f6e742e6a7067),
(1907, '', '', 2, 'Cyndi Lauper', 'She Bop (12 EU PRTA 12-4620)', 0x463a2f3830733930732053796e746820506f702f43796e6469204c61757065722f666c61635f313938342043796e6469204c6175706572202d2053686520426f7020285370656369616c2044616e6365204d6978292028313220455520505254412031322d34363230292f636f7665722f66726f6e742e6a7067),
(1908, '', '', 2, 'Cyndi Lauper', 'She Bop (12 Japan 3P-543)', 0x463a2f3830733930732053796e746820506f702f43796e6469204c61757065722f666c61635f313938342043796e6469204c6175706572202d2053686520426f7020283132204a6170616e2033502d353433292f636f7665722f66726f6e742e6a7067),
(1909, '', '', 2, 'Tom Jones', 'She\'s A Lady (CDS EU MCD 33576)', 0x463a2f3830733930732053796e746820506f702f546f6d204a6f6e65732f666c61635f3139393520546f6d204a6f6e6573202d2053686527732041204c6164792028434453204555204d4344203333353736292f636f7665722f66726f6e742e6a7067),
(1910, '', '', 2, 'Tears For Fears', 'Shout (12 Canada SOVX 2351)', 0x463a2f3830733930732053796e746820506f702f546561727320466f722046656172732f666c61635f3139383420546561727320466f72204665617273202d2053686f7574202831322043616e61646120534f56582032333531292f636f7665722f66726f6e742e6a7067),
(1911, '', '', 2, 'Jellybean', 'Sidewalk Talk (12 EU 1A K060-20 0937 6)', 0x463a2f3830733930732053796e746820506f702f4a656c6c796265616e2f666c61635f31393834204a656c6c796265616e202d205369646577616c6b2054616c6b20283132204555203141204b3036302d323020303933372036292f636f7665722f66726f6e742e6a7067),
(1912, '', '', 2, 'Bryan Ferry', 'Slave To Love (12 UK FERRX 1)', 0x463a2f3830733930732053796e746820506f702f427279616e2046657272792f666c61635f3139383520427279616e204665727279202d20536c61766520546f204c6f76652028313220554b2046455252582031292f636f7665722f66726f6e742e6a7067),
(1913, '', '', 2, 'Peter Gabriel', 'Sledgehammer (12 US 0-20456)', 0x463a2f3830733930732053796e746820506f702f5065746572204761627269656c2f66616c635f31393836205065746572204761627269656c202d20536c6564676568616d6d65722028313220555320302d3230343536292f636f7665722f66726f6e742e6a7067),
(1914, '', '', 2, 'Pet Shop Boys', 'So Hard (CDS Germany CDP 560 20 4177 2)', 0x463a2f3830733930732053796e746820506f702f5065742053686f7020426f79732f666c61635f31393930205065742053686f7020426f7973202d20536f20486172642028434453204765726d616e79204344502035363020323020343137372032292f636f7665722f66726f6e742e6a7067);
INSERT INTO `producto` (`idproducto`, `nombre`, `detalle`, `cantstock`, `artista`, `album`, `foto`) VALUES
(1915, '', '', 2, 'Pet Shop Boys', 'So Hard (CDS US E2-56195)', 0x463a2f3830733930732053796e746820506f702f5065742053686f7020426f79732f666c61635f31393930205065742053686f7020426f7973202d20536f204861726420284344532055532045322d3536313935292f636f7665722f66726f6e742e6a7067),
(1916, '', '', 2, 'Pet Shop Boys', 'So Hard (CDS US Promo DPRO-4650)', 0x463a2f3830733930732053796e746820506f702f5065742053686f7020426f79732f666c61635f31393930205065742053686f7020426f7973202d20536f204861726420284344532055532050726f6d6f204450524f2d34363530292f636f7665722f66726f6e742e6a7067),
(1917, '', '', 2, 'The Power Station', 'Some Like It Hot (12 US V-8631)', 0x463a2f3830733930732053796e746820506f702f54686520506f7765722053746174696f6e2f666c61635f313938352054686520506f7765722053746174696f6e202d20536f6d65204c696b6520497420486f742028313220555320562d38363331292f636f7665722f66726f6e742e6a7067),
(1918, '', '', 2, 'New Order', 'Someone Like You (CDS Greece Promo none)', 0x463a2f3830733930732053796e746820506f702f4e6577204f726465722f666c61635f32303031204e6577204f72646572202d20536f6d656f6e65204c696b6520596f752028434453204772656563652050726f6d6f206e6f6e65292f636f7665722f66726f6e742e6a7067),
(1919, '', '', 2, 'Level 42', 'Something About You (12 UK POSPX 759)', 0x463a2f3830733930732053796e746820506f702f4c6576656c2034322f666c61635f31393835204c6576656c203432202d20536f6d657468696e672041626f757420596f752028313220554b20504f53505820373539292f636f7665722f66726f6e742e6a7067),
(1920, '', '', 2, 'Level 42', 'Something About You (12 US Promo 883 957-1)', 0x463a2f3830733930732053796e746820506f702f4c6576656c2034322f666c61635f31393835204c6576656c203432202d20536f6d657468696e672041626f757420596f75202831322055532050726f6d6f20383833203935372d31292f636f7665722f66726f6e742e6a7067),
(1921, '', '', 2, 'Simply Red', 'Something Got Me Started (CDS US Promo PRCD 4249-2)', 0x463a2f3830733930732053796e746820506f702f53696d706c79205265642f666c61635f313939312053696d706c7920526564202d20536f6d657468696e6720476f74204d6520537461727465642028434453205553205052434420343234392d32292f636f7665722f66726f6e742e6a7067),
(1922, '', '', 2, 'Tears For Fears', 'Sowing The Seeds Of Love (CDS US 874 711-2)', 0x463a2f3830733930732053796e746820506f702f546561727320466f722046656172732f666c61635f3139383920546561727320466f72204665617273202d20536f77696e6720546865205365656473204f66204c6f7665202843445320555320383734203731312d32292f636f7665722f66726f6e742e6a7067),
(1923, '', '', 2, 'Al Corley', 'Square Rooms (12 Germany 882 241-1)', 0x463a2f3830733930732053796e746820506f702f416c20436f726c65792f666c61635f3139383420416c20436f726c6579202d2053717561726520526f6f6d7320283132204765726d616e7920383832203234312d31292f636f7665722f66726f6e742e6a7067),
(1924, '', '', 2, 'Simply Red', 'Stars (CDS UK 9031-76150-2)', 0x463a2f3830733930732053796e746820506f702f53696d706c79205265642f666c61635f313939312053696d706c7920526564202d205374617273202843445320554b2037363135302d32292f636f7665722f66726f6e742e6a7067),
(1925, '', '', 2, 'Simply Red', 'Stay (CDS UK Promo none)', 0x463a2f3830733930732053796e746820506f702f53696d706c79205265642f666c61635f323030372053696d706c7920526564202d2053746179202843445320554b2050726f6d6f206e6f6e65292f636f7665722f66726f6e742e6a7067),
(1926, '', '', 2, 'A-ha', 'Stay On These Roads (CDS Mini UK 920 905-2)', 0x463a2f3830733930732053796e746820506f702f412d68612f666c61635f3139383820412d6861202d2053746179204f6e20546865736520526f6164732028434453204d696e6920554b20393230203930352d32292f636f7665722f66726f6e742e6a7067),
(1927, '', '', 2, 'Depeche Mode', 'Strangelove', 0x463a2f3830733930732053796e746820506f702f44657065636865204d6f64652f72656973737565732f666c61635f323030342044657065636865204d6f6465202d20537472616e67656c6f766520284344532045552052656973737565204344424f4e47313358292f636f7665722f66726f6e742e6a7067),
(1928, '', '', 2, 'Depeche Mode', 'Strangelove (12 US 0-20696)', 0x463a2f3830733930732053796e746820506f702f44657065636865204d6f64652f666c61635f313938372044657065636865204d6f6465202d20537472616e67656c6f76652028313220555320302d3230363936292f636f7665722f66726f6e742e6a7067),
(1929, '', '', 2, 'Depeche Mode', 'Strangelove (CDS US Promo PRO-CD-3213)', 0x463a2f3830733930732053796e746820506f702f44657065636865204d6f64652f666c61635f313938372044657065636865204d6f6465202d20537472616e67656c6f766520284344532055532050726f6d6f2050524f2d43442d33323133292f636f7665722f66726f6e742e6a7067),
(1930, '', '', 2, 'LaBelle', 'Superlover (CDS US Promo VERR01644-2)', 0x463a2f3830733930732053796e746820506f702f4c6142656c6c652f6d70335f32303038204c6142656c6c65202d2053757065726c6f76657220284344532055532050726f6d6f205645525230313634342d32292f636f7665722f66726f6e742e6a7067),
(1931, '', '', 2, '2U', 'Take My Breath Away (12 Italy MIX-517)', 0x463a2f3830733930732053796e746820506f702f32552f666c61635f31393931203255202d2054616b65204d7920427265617468204177617920283132204974616c79204d49582d353137292f636f7665722f66726f6e742e6a7067),
(1932, '', '', 2, 'Berlin', 'Take My Breath Away (CDS EU COL 656867 2)', 0x463a2f3830733930732053796e746820506f702f4265726c696e2f666c61635f31393931204265726c696e202d2054616b65204d79204272656174682041776179202843445320455520434f4c203635363836372032292f636f7665722f66726f6e742e6a7067),
(1933, '', '', 2, 'A-ha', 'Take On Me (12 US Promo PRO-A-2291)', 0x463a2f3830733930732053796e746820506f702f412d68612f666c61635f3139383520412d6861202d2054616b65204f6e204d65202831322055532050726f6d6f2050524f2d412d32323931292f636f7665722f66726f6e742e6a7067),
(1934, '', '', 2, 'Taylor Dayne', 'Tell It To My Heart (2xFile 7 US AS1-9612)', 0x463a2f3830733930732053796e746820506f702f5461796c6f72204461796e652f666c61635f31393837205461796c6f72204461796e65202d2054656c6c20497420546f204d792048656172742028327846696c652037205553204153312d39363132292f636f7665722f66726f6e742e6a7067),
(1935, '', '', 2, 'Taylor Dayne', 'Tell It To My Heart (3xFile 12 EU 609 777)', 0x463a2f3830733930732053796e746820506f702f5461796c6f72204461796e652f666c61635f31393837205461796c6f72204461796e65202d2054656c6c20497420546f204d792048656172742028337846696c652031322045552036303920373737292f636f7665722f66726f6e742e6a7067),
(1936, '', '', 2, 'Taylor Dayne', 'Tell It To My Heart (12 US AD1-9611)', 0x463a2f3830733930732053796e746820506f702f5461796c6f72204461796e652f666c61635f31393837205461796c6f72204461796e65202d2054656c6c20497420546f204d7920486561727420283132205553204144312d39363131292f636f7665722f66726f6e742e6a7067),
(1937, '', '', 2, 'Inner City', 'Testament 93 (CDS EU Comp CDOVD438)', 0x463a2f3830733930732053796e746820506f702f496e6e657220436974792f666c61635f3139393320496e6e65722043697479202d2054657374616d656e74203933202843445320455520436f6d702043444f5644343338292f636f7665722f66726f6e742e6a7067),
(1938, '', '', 2, 'Cyndi Lauper', 'The Best Remixes (CD Compilation ESCA 6628)', 0x463a2f3830733930732053796e746820506f702f43796e6469204c61757065722f666c61635f313939362043796e6469204c6175706572202d2054686520426573742052656d697865732028434420436f6d70696c6174696f6e20455343412036363238292f636f7665722f66726f6e742e6a7067),
(1939, '', '', 2, 'A-ha', 'The Blood That Moves The Body (CDS EU W0089CD)', 0x463a2f3830733930732053796e746820506f702f412d68612f666c61635f3139393220412d6861202d2054686520426c6f6f642054686174204d6f7665732054686520426f647920284344532045552057303038394344292f636f7665722f66726f6e742e6a7067),
(1940, '', '', 2, 'A-Ha', 'The Blood That Moves The Body (CDS Mini UK W7840CD)', 0x463a2f3830733930732053796e746820506f702f412d68612f666c61635f3139383820412d6861202d2054686520426c6f6f642054686174204d6f7665732054686520426f64792028434453204d696e6920554b2057373834304344292f636f7665722f66726f6e742e6a7067),
(1941, '', '', 2, 'Boy George', 'The Crying Game (CDS UK CIOCD 6)', 0x463a2f3830733930732053796e746820506f702f426f792047656f7267652f666c61635f3139393220426f792047656f726765202d2054686520437279696e672047616d65202843445320554b2043494f43442036292f636f7665722f66726f6e742e6a7067),
(1942, '', '', 2, 'Boy George', 'The Crying Game Soundtrack - The Remixes', 0x463a2f3830733930732053796e746820506f702f426f792047656f7267652f666c61635f31393933205641202d2054686520437279696e672047616d6520285468652052656d69786573292028434453205553204b322d3139373835292f636f7665722f66726f6e742e6a7067),
(1943, '', '', 2, 'Boy George', 'The Crying Game Soundtrack (CDS US K2-19785)', 0x463a2f3830733930732053796e746820506f702f426f792047656f7267652f666c61635f31393933205641202d2054686520437279696e672047616d6520285468652052656d69786573292028434453205553204b322d3139373835292f636f7665722f66726f6e742e6a7067),
(1944, '', '', 2, 'Eric Serra ft Inva Mula Tchako', 'The Diva Dance (CDS France Promo VISA 4071)', 0x463a2f3830733930732053796e746820506f702f457269632053657272612f666c61635f313939372045726963205365727261202d2054686520446976612044616e63652028434453204672616e63652050726f6d6f20564953412034303731292f636f7665722f66726f6e742e6a7067),
(1945, '', '', 2, 'Cyndi Lauper', 'The Goonies ‘R’ Good Enough (12 Japan 3P-543)', 0x463a2f3830733930732053796e746820506f702f43796e6469204c61757065722f666c61635f313938342043796e6469204c6175706572202d2054686520476f6f6e69657320e2809852e2809920476f6f6420456e6f75676820283132204a6170616e2033502d353433292f636f7665722f66726f6e742e6a7067),
(1946, '', '', 2, 'Go West', 'The King Of Wishful Thinking (12 US V-56173)', 0x463a2f3830733930732053796e746820506f702f476f20576573742f666c61635f3139393020476f2057657374202d20546865204b696e67204f66205769736866756c205468696e6b696e672028313220555320562d3536313733292f636f7665722f66726f6e742e6a7067),
(1947, '', '', 0, 'A-ha', 'The Living Daylights (12 Germany 920 736-0)', 0x463a2f3830733930732053796e746820506f702f412d68612f666c61635f3139383720412d6861202d20546865204c6976696e67204461796c696768747320283132204765726d616e7920393230203733362d30292f636f7665722f66726f6e742e6a7067),
(1948, '', '', 2, 'Bryan Ferry', 'The Right Stuff (12 US 0-20799)', 0x463a2f3830733930732053796e746820506f702f427279616e2046657272792f666c61635f3139383720427279616e204665727279202d205468652052696768742053747566662028313220555320302d3230373939292f636f7665722f66726f6e742e6a7067),
(1949, '', '', 2, 'A-ha', 'The Sun Always Shines On T.V. (12 UK W8846T)', 0x463a2f3830733930732053796e746820506f702f412d68612f666c61635f3139383520412d6861202d205468652053756e20416c77617973205368696e6573204f6e20542e562e2028313220554b20573838343654292f636f7665722f66726f6e742e6a7067),
(1950, '', '', 2, 'Eurythmics', 'There Must Be An Angel (12 UK PT 40248)', 0x463a2f3830733930732053796e746820506f702f4575727974686d6963732f666c61635f31393835204575727974686d696373202d205468657265204d75737420426520416e20416e67656c2028313220554b205054203430323438292f636f7665722f66726f6e742e6a7067),
(1951, '', '', 2, 'Howard Jones', 'Things Can Only Get Better (12 US 0-66915)', 0x463a2f3830733930732053796e746820506f702f486f77617264204a6f6e65732f666c61635f3139383520486f77617264204a6f6e6573202d205468696e67732043616e204f6e6c7920476574204265747465722028313220555320302d3636393135292f636f7665722f66726f6e742e6a7067),
(1952, '', '', 2, 'A-ha', 'Touchy! (Go-Go Mix) (CDS Mini UK W7749CD)', 0x463a2f3830733930732053796e746820506f702f412d68612f666c61635f3139383820412d6861202d20546f75636879212028476f2d476f204d6978292028434453204d696e6920554b2057373734394344292f636f7665722f66726f6e742e6a7067),
(1953, '', '', 2, 'Labelle', 'Turn It Out (12 US Promo none)', 0x463a2f3830733930732053796e746820506f702f4c6142656c6c652f6d70335f31393935204c6142656c6c65202d205475726e204974204f7574202831322055532050726f6d6f206e6f6e65292f636f7665722f66726f6e742e6a7067),
(1954, '', '', 2, 'LaBelle', 'Turn It Out (CDS US MCADM-55113)', 0x463a2f3830733930732053796e746820506f702f4c6142656c6c652f666c61635f31393935204c6142656c6c65202d205475726e204974204f75742028434453205553204d4341444d2d3535313133292f636f7665722f66726f6e742e6a7067),
(1955, '', '', 2, 'Labelle', 'Turn It Up (CDS US Promo MCA5P-3496)', 0x463a2f3830733930732053796e746820506f702f4c6142656c6c652f666c61635f31393935204c6142656c6c65202d205475726e204974204f757420284344532055532050726f6d6f204d434135502d33343936292f636f7665722f66726f6e742e6a7067),
(1956, '', '', 2, 'A-ha', 'Twelve Inch Club (CDS Mini EP Japan 25XD-460)', 0x463a2f3830733930732053796e746820506f702f412d68612f666c61635f3139383620412d6861202d205477656c766520496e636820436c75622028434453204d696e69204550204a6170616e20323558442d343630292f636f7665722f66726f6e742e6a7067),
(1957, '', '', 2, 'Strike', 'U Sure Do (12 UK FRSHD19)', 0x463a2f3830733930732053796e746820506f702f537472696b652f666c61635f3139393420537472696b65202d2055205375726520446f202843445320554b2046525348443139292f636f7665722f66726f6e742e6a7067),
(1958, '', '', 2, 'EMF', 'Unbelievable (CDS EU CDP 560-20 4098 2)', 0x463a2f3830733930732053796e746820506f702f454d462f666c61635f3139393020454d46202d20556e62656c69657661626c652028434450203536302d323020343039382032292f636f7665722f66726f6e742e6a7067),
(1959, '', '', 2, 'Jane Child', 'Welcome To The Real World (CDS US Promo PRO-CD-3724)', 0x463a2f3830733930732053796e746820506f702f4a616e65204368696c642f666c61635f31393930204a616e65204368696c64202d2057656c636f6d6520546f20546865205265616c20576f726c6420284344532055532050726f6d6f2050524f2d43442d33373234292f636f7665722f66726f6e742e6a7067),
(1960, '', '', 2, 'Sandra', 'We\'ll Be Together (\'89 Remix) (CDS France 30201)', 0x463a2f3830733930732053796e746820506f702f53616e6472612f666c61635f313938392053616e647261202d205765276c6c20426520546f67657468657220282738392052656d6978292028434453204672616e6365203330323031292f636f7665722f66726f6e742e6a7067),
(1961, '', '', 2, 'Pet Shop Boys', 'West End Girls (12 EU 20 0998 6)', 0x463a2f3830733930732053796e746820506f702f5065742053686f7020426f79732f666c61635f31393835205065742053686f7020426f7973202d205765737420456e64204769726c732028313220455520323020303939382036292f636f7665722f66726f6e742e6a7067),
(1962, '', '', 2, 'Jellybean ft Niki Harris', 'What\'s It Gonna Be (12 US 0-86099)', 0x463a2f3830733930732053796e746820506f702f4a656c6c796265616e2f666c61635f31393930204a656c6c796265616e206674204e696b6920486172726973202d2057686174277320497420476f6e6e612042652028313220555320302d3836303939292f636f7665722f66726f6e742e6a7067),
(1963, '', '', 2, 'Pet Shop Boys', 'Where The Streets Have No Name (CDS US E2-56217)', 0x463a2f3830733930732053796e746820506f702f5065742053686f7020426f79732f666c61635f31393931205065742053686f7020426f7973202d2057686572652054686520537472656574732048617665204e6f204e616d6520284344532055532045322d3536323137292f636f7665722f66726f6e742e6a7067),
(1964, '', '', 2, 'Pet Shop Boys', 'Where The Streets Have No Name (CDS US Promo DPRO 04753)', 0x463a2f3830733930732053796e746820506f702f5065742053686f7020426f79732f666c61635f31393931205065742053686f7020426f7973202d2057686572652054686520537472656574732048617665204e6f204e616d6520284344532055532050726f6d6f204450524f203034373533292f636f7665722f66726f6e742e6a7067),
(1965, '', '', 2, 'Boy George', 'Whether They Like It Or Not (12 Germany 612 464-213)', 0x463a2f3830733930732053796e746820506f702f426f792047656f7267652f666c61635f3139383920426f792047656f726765202d20576865746865722054686579204c696b65204974204f72204e6f7420283132204765726d616e7920363132203436342d323133292f636f7665722f66726f6e742e6a7067),
(1966, '', '', 2, 'Jellybean ft Elisa Fiorillo', 'Who Found Who (12 US 4V9 43089)', 0x463a2f3830733930732053796e746820506f702f4a656c6c796265616e2f666c61635f31393837204a656c6c796265616e20667420456c6973612046696f72696c6c6f202d2057686f20466f756e642057686f2028313220555320555320345639203433303839292f636f7665722f66726f6e742e6a7067),
(1967, '', '', 2, 'Koto', 'Who\'s That Mix (CDS Comp Germany CD 9041)', 0x463a2f3830733930732053796e746820506f702f4b6f746f2c205468697320596561727320426c6f6e642f666c61635f31393837204b6f746f2c20546869732059656172277320426c6f6e64202d2057686f27732054686174204d6978202843445320436f6d70204765726d616e792043442039303431292f636f7665722f66726f6e742e6a7067),
(1968, '', '', 2, 'Irene Cara', 'Why Me? (12 US 0-20156)', 0x463a2f3830733930732053796e746820506f702f4972656e6520436172612f666c61635f31393833204972656e652043617261202d20576879204d652028313220555320302d3230313536292f636f7665722f66726f6e742e6a7067),
(1969, '', '', 2, 'B.F.I.', 'Why Not Jazz (CDS Benelux BOCD 8448)', 0x463a2f3830733930732053796e746820506f702f4246492f666c61635f3139393220422e462e492e202d20576879204e6f74204a617a7a20284344532042656e656c757820424f43442038343438292f636f7665722f66726f6e742e6a7067),
(1970, '', '', 2, 'Kris Isak', 'Wicked Game (3xFile 12 Spain NM 484 MA)', 0x463a2f3830733930732053796e746820506f702f436872697320497361616b2f666c61635f31393931204b726973204973616b202d205769636b65642047616d652028337846696c6520313220537061696e204e4d20343834204d41292f636f7665722f66726f6e742e6a7067),
(1971, '', '', 2, 'Natalie Cole', 'Wild Women Do (12 US V-56161)', 0x463a2f3830733930732053796e746820506f702f4e6174616c696520436f6c652f666c61635f31393930204e6174616c696520436f6c65202d2057696c6420576f6d656e20446f2028313220555320562d3536313631292f636f7665722f66726f6e742e6a7067),
(1972, '', '', 2, 'Natalie Cole', 'Wild Women Do (CDS US Promo DPRO04467)', 0x463a2f3830733930732053796e746820506f702f4e6174616c696520436f6c652f666c61635f31393930204e6174616c696520436f6c65202d2057696c6420576f6d656e20446f20284344532055532050726f6d6f204450524f3034343637292f636f7665722f66726f6e742e6a7067),
(1973, '', '', 2, 'Taylor Dayne', 'With Every Beat Of My Heart (12 US ADI-9896)', 0x463a2f3830733930732053796e746820506f702f5461796c6f72204461796e652f666c61635f31393839205461796c6f72204461796e65202d20576974682045766572792042656174204f66204d7920486561727420283132205553204144492d39383936292f636f7665722f66726f6e742e6a7067),
(1974, '', '', 2, 'Taylor Dayne', 'With Every Beat Of My Heart (CDS Germany 662 706)', 0x463a2f3830733930732053796e746820506f702f5461796c6f72204461796e652f666c61635f31393839205461796c6f72204461796e65202d20576974682045766572792042656174204f66204d792048656172742028434453204765726d616e792036363220373036292f636f7665722f66726f6e742e6a7067),
(1975, '', '', 2, 'Tears For Fears', 'Woman In Chains (CDS UK 876 249-2)', 0x463a2f3830733930732053796e746820506f702f546561727320466f722046656172732f666c61635f3139383920546561727320466f72204665617273202d20576f6d616e20496e20436861696e73202843445320554b20383736203234392d32292f636f7665722f66726f6e742e6a7067),
(1976, '', '', 2, 'New Order', 'World (8xFile 2x12 US Promo PRO-A-6276)', 0x463a2f3830733930732053796e746820506f702f4e6577204f726465722f666c61635f31393933204e6577204f72646572202d20576f726c642028387846696c6520327831322055532050726f6d6f2050524f2d412d36323736292f636f7665722f66726f6e742e6a7067),
(1977, '', '', 2, 'Depeche Mode', 'World In My Eyes (CDS Japan Promo ALCB-159)', 0x463a2f3830733930732053796e746820506f702f44657065636865204d6f64652f666c61635f313939302044657065636865204d6f6465202d20576f726c6420496e204d7920457965732028434453204a6170616e2050726f6d6f20414c43422d313539292f636f7665722f66726f6e742e6a7067),
(1978, '', '', 2, 'Depeche Mode', 'Wrong', 0x463a2f3830733930732053796e746820506f702f44657065636865204d6f64652f72656973737565732f666c61635f323030392044657065636865204d6f6465202d2057726f6e67202843445320554b2050726f6d6f20504344424f4e473430292f636f7665722f66726f6e742e6a7067),
(1979, '', '', 2, 'Depeche Mode', 'Wrong (CDS UK PLX-CDR BONG 40)', 0x463a2f3830733930732053796e746820506f702f44657065636865204d6f64652f72656973737565732f666c61635f323030392044657065636865204d6f6465202d2057726f6e67202843445320554b2050584c2d43445220424f4e47203430292f636f7665722f66726f6e742e6a7067),
(1980, '', '', 2, 'A-ha', 'You Are The One (CDS Mini UK W7636CD)', 0x463a2f3830733930732053796e746820506f702f412d68612f666c61635f3139383820412d6861202d20596f752041726520546865204f6e652028434453204d696e6920554b2057373633364344292f636f7665722f66726f6e742e6a7067),
(1981, '', '', 2, 'Kim Wilde', 'You Keep Me Hangin\' On (3xFile 12 Germany 258 564-0)', 0x463a2f3830733930732053796e746820506f702f4b696d2057696c64652f666c61635f31393836204b696d2057696c6465202d20596f75204b656570204d652048616e67696e27204f6e2028337846696c65203132204765726d616e7920323538203536342d30292f636f7665722f66726f6e742e6a7067),
(1982, '', '', 2, 'Kim Wilde', 'You Keep Me Hangin\' On (3xFile 12 US MCA-23717)', 0x463a2f3830733930732053796e746820506f702f4b696d2057696c64652f666c61635f31393836204b696d2057696c6465202d20596f75204b65656d204d652048616e676927204f6e2028337846696c65203132205553204d43412d3233373137292f636f7665722f66726f6e742e6a7067),
(1983, '', '', 2, 'Kim Wilde', 'You Keep Me Hangin\' On (7 Japan P-2186)', 0x463a2f3830733930732053796e746820506f702f4b696d2057696c64652f666c61635f31393836204b696d2057696c6465202d20596f75204b656570204d652048616e67696e27204f6e202837204a6170616e20502d32313836292f636f7665722f66726f6e742e6a7067),
(1984, '', '', 2, 'Inner City', 'Your Love (CDS UK SIXCD127)', 0x463a2f3830733930732053796e746820506f702f496e6e657220436974792f666c61635f3139393520496e6e65722043697479202d20596f7572204c6f7665202843445320554b205349584344313237292f636f7665722f66726f6e742e6a7067);

-- --------------------------------------------------------

--
-- Estructura de tabla para la tabla `rol`
--

CREATE TABLE `rol` (
  `idrol` bigint(20) NOT NULL,
  `descripcion` varchar(50) NOT NULL
) ENGINE=InnoDB DEFAULT CHARSET=latin1;

--
-- Volcado de datos para la tabla `rol`
--

INSERT INTO `rol` (`idrol`, `descripcion`) VALUES
(3, 'ADMINISTRADOR'),
(4, 'CLIENTE'),
(5, 'DEPOSITO');

-- --------------------------------------------------------

--
-- Estructura de tabla para la tabla `usuario`
--

CREATE TABLE `usuario` (
  `idusuario` bigint(20) NOT NULL,
  `nombre` varchar(50) NOT NULL,
  `pass` varchar(150) NOT NULL,
  `mail` varchar(50) NOT NULL,
  `deshabilitado` timestamp NULL DEFAULT NULL
) ENGINE=InnoDB DEFAULT CHARSET=latin1;

--
-- Volcado de datos para la tabla `usuario`
--

INSERT INTO `usuario` (`idusuario`, `nombre`, `pass`, `mail`, `deshabilitado`) VALUES
(1, 'JORGE', 'cfcd208495d565ef66e7dff9f98764da', 'jorge@email.com', '0000-00-00 00:00:00'),
(2, 'PEPE', 'cfcd208495d565ef66e7dff9f98764da', 'pepe@email.com', '0000-00-00 00:00:00'),
(6, 'ANA', 'cfcd208495d565ef66e7dff9f98764da', 'ana@mail.com', '0000-00-00 00:00:00'),
(34, 'JULIO', 'cfcd208495d565ef66e7dff9f98764da', 'julio@mail', '0000-00-00 00:00:00');

-- --------------------------------------------------------

--
-- Estructura de tabla para la tabla `usuariorol`
--

CREATE TABLE `usuariorol` (
  `idusuario` bigint(20) NOT NULL,
  `idrol` bigint(20) NOT NULL
) ENGINE=InnoDB DEFAULT CHARSET=latin1;

--
-- Volcado de datos para la tabla `usuariorol`
--

INSERT INTO `usuariorol` (`idusuario`, `idrol`) VALUES
(1, 3),
(1, 4),
(1, 5),
(2, 4),
(6, 5),
(34, 4);

--
-- Índices para tablas volcadas
--

--
-- Indices de la tabla `compra`
--
ALTER TABLE `compra`
  ADD PRIMARY KEY (`idcompra`),
  ADD UNIQUE KEY `idcompra` (`idcompra`),
  ADD KEY `fkcompra_1` (`idusuario`);

--
-- Indices de la tabla `compraestado`
--
ALTER TABLE `compraestado`
  ADD PRIMARY KEY (`idcompraestado`),
  ADD UNIQUE KEY `idcompraestado` (`idcompraestado`),
  ADD KEY `fkcompraestado_1` (`idcompra`),
  ADD KEY `fkcompraestado_2` (`idcompraestadotipo`);

--
-- Indices de la tabla `compraestadotipo`
--
ALTER TABLE `compraestadotipo`
  ADD PRIMARY KEY (`idcompraestadotipo`);

--
-- Indices de la tabla `compraitem`
--
ALTER TABLE `compraitem`
  ADD PRIMARY KEY (`idcompraitem`),
  ADD UNIQUE KEY `idcompraitem` (`idcompraitem`),
  ADD KEY `fkcompraitem_1` (`idcompra`),
  ADD KEY `fkcompraitem_2` (`idproducto`);

--
-- Indices de la tabla `menu`
--
ALTER TABLE `menu`
  ADD PRIMARY KEY (`idmenu`),
  ADD UNIQUE KEY `idmenu` (`idmenu`),
  ADD KEY `fkmenu_1` (`idpadre`);

--
-- Indices de la tabla `menurol`
--
ALTER TABLE `menurol`
  ADD PRIMARY KEY (`idmenu`,`idrol`),
  ADD KEY `fkmenurol_2` (`idrol`);

--
-- Indices de la tabla `producto`
--
ALTER TABLE `producto`
  ADD PRIMARY KEY (`idproducto`),
  ADD UNIQUE KEY `idproducto` (`idproducto`);

--
-- Indices de la tabla `rol`
--
ALTER TABLE `rol`
  ADD PRIMARY KEY (`idrol`),
  ADD UNIQUE KEY `idrol` (`idrol`);

--
-- Indices de la tabla `usuario`
--
ALTER TABLE `usuario`
  ADD PRIMARY KEY (`idusuario`),
  ADD UNIQUE KEY `idusuario` (`idusuario`);

--
-- Indices de la tabla `usuariorol`
--
ALTER TABLE `usuariorol`
  ADD PRIMARY KEY (`idusuario`,`idrol`),
  ADD KEY `idusuario` (`idusuario`),
  ADD KEY `idrol` (`idrol`);

--
-- AUTO_INCREMENT de las tablas volcadas
--

--
-- AUTO_INCREMENT de la tabla `compra`
--
ALTER TABLE `compra`
  MODIFY `idcompra` bigint(20) NOT NULL AUTO_INCREMENT, AUTO_INCREMENT=89;

--
-- AUTO_INCREMENT de la tabla `compraestado`
--
ALTER TABLE `compraestado`
  MODIFY `idcompraestado` bigint(20) UNSIGNED NOT NULL AUTO_INCREMENT, AUTO_INCREMENT=150;

--
-- AUTO_INCREMENT de la tabla `compraitem`
--
ALTER TABLE `compraitem`
  MODIFY `idcompraitem` bigint(20) UNSIGNED NOT NULL AUTO_INCREMENT, AUTO_INCREMENT=86;

--
-- AUTO_INCREMENT de la tabla `menu`
--
ALTER TABLE `menu`
  MODIFY `idmenu` bigint(20) NOT NULL AUTO_INCREMENT, AUTO_INCREMENT=41;

--
-- AUTO_INCREMENT de la tabla `producto`
--
ALTER TABLE `producto`
  MODIFY `idproducto` bigint(20) NOT NULL AUTO_INCREMENT, AUTO_INCREMENT=1987;

--
-- AUTO_INCREMENT de la tabla `rol`
--
ALTER TABLE `rol`
  MODIFY `idrol` bigint(20) NOT NULL AUTO_INCREMENT, AUTO_INCREMENT=6;

--
-- AUTO_INCREMENT de la tabla `usuario`
--
ALTER TABLE `usuario`
  MODIFY `idusuario` bigint(20) NOT NULL AUTO_INCREMENT, AUTO_INCREMENT=35;

--
-- Restricciones para tablas volcadas
--

--
-- Filtros para la tabla `compra`
--
ALTER TABLE `compra`
  ADD CONSTRAINT `fkcompra_1` FOREIGN KEY (`idusuario`) REFERENCES `usuario` (`idusuario`) ON UPDATE CASCADE;

--
-- Filtros para la tabla `compraestado`
--
ALTER TABLE `compraestado`
  ADD CONSTRAINT `fkcompraestado_1` FOREIGN KEY (`idcompra`) REFERENCES `compra` (`idcompra`) ON UPDATE CASCADE,
  ADD CONSTRAINT `fkcompraestado_2` FOREIGN KEY (`idcompraestadotipo`) REFERENCES `compraestadotipo` (`idcompraestadotipo`) ON UPDATE CASCADE;

--
-- Filtros para la tabla `compraitem`
--
ALTER TABLE `compraitem`
  ADD CONSTRAINT `fkcompraitem_1` FOREIGN KEY (`idcompra`) REFERENCES `compra` (`idcompra`) ON UPDATE CASCADE,
  ADD CONSTRAINT `fkcompraitem_2` FOREIGN KEY (`idproducto`) REFERENCES `producto` (`idproducto`) ON UPDATE CASCADE;

--
-- Filtros para la tabla `menu`
--
ALTER TABLE `menu`
  ADD CONSTRAINT `fkmenu_1` FOREIGN KEY (`idpadre`) REFERENCES `menu` (`idmenu`) ON UPDATE CASCADE;

--
-- Filtros para la tabla `menurol`
--
ALTER TABLE `menurol`
  ADD CONSTRAINT `fkmenurol_1` FOREIGN KEY (`idmenu`) REFERENCES `menu` (`idmenu`) ON UPDATE CASCADE,
  ADD CONSTRAINT `fkmenurol_2` FOREIGN KEY (`idrol`) REFERENCES `rol` (`idrol`) ON UPDATE CASCADE;

--
-- Filtros para la tabla `usuariorol`
--
ALTER TABLE `usuariorol`
  ADD CONSTRAINT `fkmovimiento_1` FOREIGN KEY (`idrol`) REFERENCES `rol` (`idrol`) ON UPDATE CASCADE,
  ADD CONSTRAINT `usuariorol_ibfk_2` FOREIGN KEY (`idusuario`) REFERENCES `usuario` (`idusuario`) ON UPDATE CASCADE;
COMMIT;

/*!40101 SET CHARACTER_SET_CLIENT=@OLD_CHARACTER_SET_CLIENT */;
/*!40101 SET CHARACTER_SET_RESULTS=@OLD_CHARACTER_SET_RESULTS */;
/*!40101 SET COLLATION_CONNECTION=@OLD_COLLATION_CONNECTION */;
